Address,Size,Function,stack,name
0x0000000000014210,2776,<pc_keyboard::KeyCode as core::fmt::Debug>::fmt::hda7c4f2f9fb20e82,,
0x0000000000008280,1416,blog_os::kernel_main::h7f109f414e18afd3,,
0x000000000000cc00,896,blog_os::interrupts::page_fault_handler::hf82cf137aee3c1b6,,
0x0000000000005400,728,alloc::raw_vec::RawVec<T,A>::reserve_internal::hd47e1d02b055d698,
0x000000000000a880,568,<core::slice::Iter<T> as core::iter::traits::iterator::Iterator>::try_fold::ha720e2a3fd963112,,
0x000000000001e980,536,linked_list_allocator::hole::split_hole::h8cd04869f63b184f,,
0x0000000000011be0,488,core::char::methods::<impl char>::encode_utf8::hb2e42d637f91cc6f,,
0x00000000000067a0,472,x86_64::structures::paging::mapper::mapped_page_table::MappedPageTable<P>::map_to_4kib::h739eecae18c0246f,,
0x0000000000017de0,472,<core::slice::Iter<T> as core::iter::traits::iterator::Iterator>::try_fold::h8ea3f595a042de20,,
0x000000000000d310,440,blog_os::interrupts::keyboard_interrupt_handler::hbc9798af703df26d,,
0x0000000000008d20,408,blog_os::allocator::init_heap::h9c3bef88aadf22eb,,
0x000000000001a3c0,392,<x86_64::structures::idt::InterruptDescriptorTable as core::ops::index::IndexMut<usize>>::index_mut::h8be3ee8b7c0a3bca,,
0x000000000001f1a0,360,linked_list_allocator::hole::deallocate::hec70be14c3a8c7c3,,
0x000000000000ea50,328,spin::once::Once<T>::call_once::h0bbc2fb95b0c0c54,,
0x000000000001c3d0,328,x86_64::addr::PhysAddr::new::h522f2b79cdffd437,,
0x000000000001ef60,328,linked_list_allocator::hole::allocate_first_fit::h802cd350d750846b,,
0x000000000000d0d0,320,blog_os::interrupts::double_fault_handler::h05d0e1d2ca09bf93,,
0x000000000000ca80,312,blog_os::interrupts::breakpoint_handler::h1be0ae379fc59c4f,,
0x0000000000004f10,296,core::alloc::Layout::repeat::hc9569954143d47a6,,
0x000000000000a410,296,blog_os::memory::BootInfoFrameAllocator::usable_frames::h817e8c638175139b,,
0x000000000000ee90,280,spin::once::Once<T>::call_once::haf2b085f03484a3f,,
0x0000000000020c40,280,core::result::Result<T,E>::map::h37bb0489642d86b8,
0x000000000000d780,264,<core::iter::adapters::flatten::FlattenCompat<I,U> as core::iter::traits::iterator::Iterator>::next::h44033a1d2f82aaf3,
0x000000000000f8a0,264,core::ops::function::FnOnce::call_once::h0c05b83fc5bad6a7,,
0x000000000001d360,264,<u64 as bit_field::BitField>::set_bits::h47a415b9b506e3e8,,
0x0000000000009790,248,core::ptr::swap_nonoverlapping_bytes::h5f83baa9e1eafaf0,,
0x000000000000fda0,248,core::ptr::swap_nonoverlapping_bytes::heb3113328ce8bcd2,,
0x0000000000011460,248,blog_os::vga_buffer::Writer::new_line::hf15f000cc7d73608,,
0x0000000000013370,248,core::ptr::swap_nonoverlapping_bytes::h3ff657ff954c764a,,
0x000000000001db40,248,core::ptr::swap_nonoverlapping_bytes::he9050f57306ddb63,,
0x000000000001ae70,232,<x86_64::structures::idt::PageFaultErrorCode as core::fmt::Debug>::fmt::ha6c8a6009a8fb287,,
0x0000000000008bd0,216,rust_begin_unwind,,
0x000000000001ba90,216,x86_64::structures::gdt::Descriptor::tss_segment::h0619813c16a82535,,
0x0000000000006c50,200,x86_64::structures::paging::mapper::mapped_page_table::PageTableWalker<P>::create_next_table::h491473d4f154a4d0,,
0x000000000000e490,200,core::sync::atomic::atomic_compare_exchange::hf32954cac161223b,,
0x00000000000105e0,200,pc_keyboard::Keyboard<T,S>::add_byte::h5977c314a99f9df2,
0x000000000001cb60,200,<u16 as bit_field::BitField>::set_bits::hdc42aa85fb6c429c,,
0x0000000000005b40,184,alloc::raw_vec::RawVec<T,A>::amortized_new_size::h52b2e9936cdd6b6c,
0x000000000000f0c0,184,spin::once::Once<T>::call_once::heab7cfccded4cef8,,
0x000000000000d250,168,blog_os::interrupts::timer_interrupt_handler::h0642a20eb78acee5,,
0x0000000000019550,168,x86_64::structures::tss::TaskStateSegment::new::h0c6c54dd08aba21c,,
0x000000000000ec80,152,spin::once::Once<T>::call_once::h472211b2cb164ae6,,
0x000000000000f810,152,core::ops::function::FnOnce::call_once::h088d26d69d43d8db,,
0x000000000001acf0,152,<<x86_64::structures::idt::InterruptStackFrameValue as core::fmt::Debug>::fmt::Hex as core::fmt::Debug>::fmt::h14e78fef807e0cec,,
0x000000000001c1e0,152,<x86_64::addr::VirtAddr as core::fmt::Debug>::fmt::ha9f4e09d01426876,,
0x000000000001d120,152,<u64 as bit_field::BitField>::get_bits::h54dcb63ca6e9b958,,
0x000000000001fb50,152,core::sync::atomic::atomic_compare_exchange::h123c7dff32a5c6a2,,
0x00000000000090f0,136,core::result::Result<T,E>::map::h6daf171d9f5715f2,
0x000000000000a4f0,136,<blog_os::memory::BootInfoFrameAllocator as x86_64::structures::paging::frame_alloc::FrameAllocator<x86_64::structures::paging::page::Size4KiB>>::allocate_frame::h4cc7883d2c214e15,,
0x000000000000da40,136,core::iter::adapters::flatten::FlatMap<I,U,F>::new::hebe8c44a10752020
0x00000000000117a0,136,blog_os::vga_buffer::Writer::clear_row::ha012b1cc971ba296,,
0x0000000000016910,136,<pc_keyboard::layouts::Us104Key as pc_keyboard::KeyboardLayout>::map_keycode::h6e26a033f41db83f,,
0x0000000000018810,136,<core::iter::LoopState<C,B> as core::cmp::PartialEq>::eq::h48c21cb7850ea7de,
0x000000000001ab30,136,<x86_64::structures::idt::InterruptStackFrameValue as core::fmt::Debug>::fmt::h11689f2e53ca0424,,
0x000000000001e1d0,136,linked_list_allocator::Heap::allocate_first_fit::h896bd9b5620f8f06,,
0x000000000001e2e0,136,linked_list_allocator::Heap::deallocate::hade92f246914764e,,
0x000000000000b460,120,rust_oom,,
0x000000000000be80,120,core::iter::adapters::Map<I,F>::new::h19d664609e5d354b,
0x000000000000d9f0,120,core::iter::traits::iterator::Iterator::map::h2d7514b2be631eef,,
0x0000000000010ef0,120,core::alloc::GlobalAlloc::realloc::h12f5bac699b6481b,,
0x0000000000011970,120,core::str::<impl str>::bytes::h45f03ccd979fd223,,
0x0000000000015d20,120,<pc_keyboard::scancodes::ScancodeSet1 as pc_keyboard::ScancodeSet>::map_scancode::h9b88f198796240ba,,
0x0000000000017a00,120,pic8259_simple::ChainedPics::initialize::h55a645588fff9595,,
0x000000000001a0e0,120,<x86_64::structures::paging::mapper::MapToError as core::fmt::Debug>::fmt::h5a7aaed5f5d4f8b4,,
0x000000000001a230,120,x86_64::structures::paging::mapper::mapped_page_table::PageTableWalker<P>::next_table_mut::h36b1b89fab3ea31e,,
0x000000000001e750,120,linked_list_allocator::hole::HoleList::allocate_first_fit::h970d66a4431a79a7,,
0x0000000000009e20,104,core::alloc::Layout::for_value::hd30057ba3fe60214,,
0x000000000000bcb0,104,core::iter::traits::iterator::Iterator::nth::hfe27af79087688db,,
0x000000000000c2f0,104,core::option::Option<T>::map::hcbde07276b78d9c7,,
0x000000000000e1e0,104,core::sync::atomic::AtomicUsize::compare_and_swap::haa9cc5ba390503e9,,
0x0000000000010190,104,blog_os::vga_buffer::_print::{{closure}}::h7b08c3e85a45f372,,
0x0000000000011380,104,blog_os::vga_buffer::Writer::write_string::he740bef299695569,,
0x0000000000012800,104,core::slice::<impl [T]>::iter::hab1f714b989aace4,,
0x0000000000012b10,104,core::slice::<impl [T]>::iter::h009f33cd4bb0abd8,,
0x0000000000017860,104,core::slice::<impl [T]>::iter::ha0fe1441655db001,,
0x0000000000018c50,104,core::slice::<impl [T]>::iter_mut::hdf1f49a0ee8ddcc8,,
0x000000000001b720,104,x86_64::structures::gdt::GlobalDescriptorTable::new::h27ace8be81cc87a9,,
0x000000000001e680,104,linked_list_allocator::hole::HoleList::new::h29965060f5730d00,,
0x0000000000009980,96,<core::cmp::Ordering as core::cmp::PartialEq>::eq::h3ab195122dd35f9c,,
0x0000000000004630,88,<alloc::rc::Rc<T> as core::ops::drop::Drop>::drop::h5df58616abe826a7,,
0x0000000000004990,88,core::intrinsics::overlaps::haf235173312d6e81,,
0x0000000000004a40,88,<x86_64::structures::paging::mapper::offset_page_table::OffsetPageTable as x86_64::structures::paging::mapper::Mapper<x86_64::structures::paging::page::Size4KiB>>::map_to::hcb6a203a6ec904b5,,
0x0000000000004d50,88,core::alloc::Layout::from_size_align::h53815371aef3eaa1,,
0x0000000000006700,88,<x86_64::structures::paging::mapper::mapped_page_table::MappedPageTable<P> as x86_64::structures::paging::mapper::Mapper<x86_64::structures::paging::page::Size4KiB>>::map_to::hdafb3782f8942f45,,
0x0000000000007b70,88,<x86_64::structures::paging::page::Page<S> as core::ops::arith::Add<u64>>::add::h28ff7599f34be6d6,,
0x0000000000007df0,88,<x86_64::structures::paging::page::Page<S> as core::cmp::PartialOrd>::le::hffdde48409fe7b8f,,
0x0000000000009320,88,core::result::Result<T,E>::map_err::h525090c02b7d5b4d,
0x000000000000a030,88,<alloc::alloc::Global as core::alloc::Alloc>::realloc::habe506587da50286,,
0x000000000000a260,88,alloc::slice::hack::into_vec::hefe579db5d0fa101,,
0x000000000000b360,88,core::ptr::read::h3573ba9c2880c868,,
0x000000000000b950,88,spin::mutex::Mutex<T>::new::h96e05be891286260,,
0x000000000000c110,88,core::option::Option<T>::map::h3b27ff513e2520be,,
0x000000000000dba0,88,core::iter::range::<impl core::iter::traits::iterator::Iterator for core::ops::range::Range<A>>::nth::h94529de597766281,,
0x000000000000f730,88,core::intrinsics::overlaps::h222d7aaee56f8636,,
0x0000000000010060,88,core::fmt::Write::write_fmt::h65b42fa323a970c8,,
0x00000000000100f0,88,<&mut W as core::fmt::Write>::write_fmt::h84543332f63ae3e9,,
0x0000000000010320,88,pc_keyboard::Keyboard<T,S>::process_keyevent::hae99c060ff2df775,
0x0000000000011200,88,blog_os::vga_buffer::Writer::write_byte::ha187dc5f63a4f192,,
0x00000000000136b0,88,core::ptr::read::h6a1b9bbd89963b9a,,
0x0000000000013ab0,88,core::intrinsics::overlaps::h21272d5242e7e48b,,
0x0000000000013b60,88,core::intrinsics::overlaps::h7b1d9ebfe18c9e8b,,
0x0000000000013d80,88,<core::ops::range::Range<usize> as core::slice::SliceIndex<[T]>>::index::h2285fd0649fc6b80,,
0x0000000000018de0,88,x86_64::structures::paging::page_table::PageTableEntry::frame::hba341fee357fad91,,
0x0000000000018fd0,88,x86_64::structures::paging::page_table::PageTable::zero::hdd82c34c68232875,,
0x000000000001bd60,88,x86_64::addr::VirtAddr::try_new::h2def37df145058aa,,
0x000000000001de20,88,core::ptr::read::hccb8e454aa52f02e,,
0x000000000001e400,88,<linked_list_allocator::LockedHeap as core::alloc::GlobalAlloc>::alloc::ha5de75d14ef7ee84,,
0x0000000000020260,88,core::intrinsics::overlaps::h02f1cea09364aeb7,,
0x0000000000020310,88,core::intrinsics::overlaps::hc2b73f432665c17f,,
0x0000000000020e70,88,core::alloc::Layout::from_size_align::h0c57325b99131b7c,,
0x0000000000007a80,80,core::num::<impl usize>::overflowing_add::h8e747a529fa3e4e7,,
0x0000000000007af0,80,core::num::<impl usize>::overflowing_mul::hfe23777c85d72fa6,,
0x000000000000c710,80,core::num::<impl u64>::overflowing_add::hf1a6b5aa0aec3520,,
0x000000000000c880,80,core::num::<impl usize>::overflowing_mul::hc0e7549844cffb07,,
0x000000000000dac0,80,core::iter::adapters::flatten::FlattenCompat<I,U>::new::h92fce375b5f4c87e,
0x0000000000010e50,80,<bootloader::bootinfo::memory_map::MemoryRegionType as core::cmp::PartialEq>::eq::h1a0d2c54a1546ba0,,
0x0000000000013f90,80,core::num::<impl usize>::overflowing_add::h574341c706789127,,
0x0000000000014000,80,core::num::<impl usize>::overflowing_mul::h7a6708022fbd5817,,
0x0000000000019390,80,core::num::<impl u64>::overflowing_sub::h577dcb0ad2c9c983,,
0x0000000000020a40,80,core::num::<impl usize>::overflowing_mul::h647b51d1849b0a73,,
0x0000000000004350,72,alloc::rc::Rc<T>::new::hc16e16421daf59bc,,
0x0000000000004df0,72,core::alloc::Layout::padding_needed_for::ha81afe355fd1db22,,
0x00000000000052c0,72,alloc::raw_vec::RawVec<T,A>::current_layout::hc40a3f31dadf413f,
0x0000000000005350,72,alloc::raw_vec::RawVec<T,A>::dealloc_buffer::hfe74fc67fbd2e760,
0x0000000000005cc0,72,alloc::raw_vec::RawVec<T,A>::new_in::h89d78f633a50c28b,
0x0000000000005d60,72,alloc::raw_vec::RawVec<T,A>::reserve::hbca1f195b66d1a6c,
0x0000000000006470,72,alloc::vec::Vec<T>::push::h98d88cc0588ffb8e,,
0x00000000000072a0,72,alloc::raw_vec::alloc_guard::h710c211b7dff2373,,
0x0000000000007390,72,alloc::boxed::Box<T>::into_unique::he11a831da9e72995,,
0x0000000000007780,72,core::ptr::read::hd279ce2ba86b7ba6,,
0x0000000000007880,72,core::num::<impl usize>::checked_add::h51b0f121a902d7d9,,
0x00000000000078f0,72,core::num::<impl usize>::checked_mul::hc2dc642dd3c15363,,
0x0000000000008060,72,<*const T as core::fmt::Pointer>::fmt::h6b3b83ef2f3e47d2,,
0x0000000000008170,72,<*const T as core::fmt::Pointer>::fmt::hae69b84245fb9b85,,
0x0000000000009cb0,72,core::alloc::Layout::new::hf8b902f5fee13689,,
0x0000000000009d50,72,core::alloc::Layout::array::h6bdea98f3888396f,,
0x000000000000a1f0,72,alloc::alloc::realloc::h243d9720bbae9e6c,,
0x000000000000a360,72,blog_os::memory::active_level_4_table::hd6fd46488a8d4508,,
0x000000000000b5b0,72,__rg_realloc,,
0x000000000000b8d0,72,spin::mutex::Mutex<T>::new::h5773eb4fd39bc45d,,
0x000000000000c1f0,72,core::option::Option<T>::map::hba3eed1632d9875c,,
0x000000000000c6a0,72,core::num::<impl u64>::checked_add::hf1d63cc6c2baac00,,
0x000000000000c780,72,core::num::<impl usize>::checked_mul::hc57886a3ac6e4530,,
0x000000000000c970,72,blog_os::interrupts::init_idt::h759f00d0c4671a84,,
0x000000000000dcc0,72,core::iter::range::<impl core::iter::traits::iterator::Iterator for core::ops::range::Range<A>>::next::h8f5ff485d3aa27e5,,
0x000000000000dde0,72,<core::ops::range::Range<usize> as core::slice::SliceIndex<[T]>>::get_unchecked_mut::h33d484dcaa5083c3,,
0x000000000000f9b0,72,core::ops::function::FnOnce::call_once::h94060cb569971b95,,
0x000000000000ffd0,72,core::fmt::Write::write_char::heb2e51ee02335e35,,
0x0000000000012400,72,<core::slice::Iter<T> as core::iter::traits::iterator::Iterator>::next::h7cd3dd04269acd77,,
0x0000000000013c10,72,core::iter::range::<impl core::iter::traits::iterator::Iterator for core::ops::range::Range<A>>::next::hf071a47d70c9af71,,
0x0000000000013d10,72,<core::ops::range::Range<usize> as core::slice::SliceIndex<[T]>>::get_unchecked::h6d8a547476111326,,
0x0000000000013e50,72,core::num::<impl usize>::checked_add::h5e1ab8f6ad4b7d16,,
0x0000000000013ec0,72,core::num::<impl usize>::checked_mul::h6086608fd62137a6,,
0x00000000000165e0,72,<pc_keyboard::scancodes::ScancodeSet1 as pc_keyboard::ScancodeSet>::map_extended_scancode::ha2ee60cd6c90b356,,
0x0000000000019290,72,core::num::<impl u64>::checked_sub::hb23da46b248d67d0,,
0x0000000000019ca0,72,<core::slice::IterMut<T> as core::iter::traits::iterator::Iterator>::next::hd0911a81ac14a22c,,
0x000000000001b600,72,x86_64::registers::control::x86_64::<impl x86_64::registers::control::Cr3>::read::he1f8fb819b971b06,,
0x000000000001b790,72,x86_64::structures::gdt::GlobalDescriptorTable::add_entry::h802e0a44d8ee7089,,
0x000000000001b840,72,x86_64::structures::gdt::GlobalDescriptorTable::load::h8b6c466206cd17f6,,
0x000000000001b900,72,x86_64::structures::gdt::GlobalDescriptorTable::push::h99e71eaea1e4e7fa,,
0x000000000001c770,72,<x86_64::addr::VirtAddrNotValid as core::fmt::Debug>::fmt::hab7d68a0df11e529,,
0x000000000001e4b0,72,<linked_list_allocator::LockedHeap as core::alloc::GlobalAlloc>::dealloc::ha3680427a504348b,,
0x000000000001e7f0,72,linked_list_allocator::hole::HoleList::allocate_first_fit::{{closure}}::h05953b65b54bc427,,
0x000000000001f120,72,linked_list_allocator::hole::allocate_first_fit::{{closure}}::hc1dc77c4cb0cf98a,,
0x0000000000020400,72,core::option::Option<T>::map::h9ad9d5b9932c9e01,,
0x0000000000020940,72,core::num::<impl usize>::checked_mul::hedeff6602e5f74a9,,
0x0000000000005e10,64,core::option::Option<T>::ok_or::h1c53eb596d633d50,,
0x0000000000007fa0,64,core::fmt::ArgumentV1::new::h8405e55aa6d3921e,,
0x0000000000008000,64,core::fmt::ArgumentV1::new::he1d7428f8d72a5f7,,
0x000000000000b620,64,core::fmt::Arguments::new_v1_formatted::hca680abc5ea889c2,,
0x000000000000fb00,64,core::fmt::ArgumentV1::new::h09f48dccf414a90f,,
0x000000000000fb60,64,core::fmt::ArgumentV1::new::h0bfaed6a6be41cf8,,
0x000000000000fbc0,64,core::fmt::ArgumentV1::new::h2434df1300cc82f7,,
0x000000000000fc20,64,core::fmt::ArgumentV1::new::h2c3e34d5046e45cd,,
0x000000000000fc80,64,core::fmt::ArgumentV1::new::h71b94ff4fd1b9709,,
0x000000000000fce0,64,core::fmt::ArgumentV1::new::ha5c758ca58542a9c,,
0x000000000000fd40,64,core::fmt::ArgumentV1::new::hafbf7be010a10d95,,
0x0000000000012710,64,core::fmt::ArgumentV1::new::h13677a926f3dfb41,,
0x0000000000012770,64,core::fmt::ArgumentV1::new::h19b966accba8881e,,
0x0000000000014080,64,core::fmt::ArgumentV1::new::h448477e7d0b3198d,,
0x0000000000015bc0,64,<pc_keyboard::scancodes::ScancodeSet1 as pc_keyboard::ScancodeSet>::advance_state::h9675a5f01a2a6b16,,
0x0000000000019900,64,core::fmt::ArgumentV1::new::h3873679b96dc88aa,,
0x0000000000019960,64,core::fmt::ArgumentV1::new::h4359c99cb5d0fe95,,
0x00000000000199c0,64,core::fmt::ArgumentV1::new::hd1e15876bbe62d4c,,
0x0000000000019a20,64,core::fmt::ArgumentV1::new::hee8b616115129888,,
0x0000000000019a80,64,core::fmt::Arguments::new_v1_formatted::heaee608293812113,,
0x000000000001c9a0,64,core::fmt::ArgumentV1::new::ha08e95e3c343331d,,
0x0000000000004470,56,alloc::rc::RcBoxPtr::inc_strong::ha01d25048a5a1f06,,
0x0000000000004ac0,56,<i32 as core::iter::range::Step>::add_usize::h54944c9747783452,,
0x0000000000004b60,56,core::slice::from_raw_parts::hb6d990a9cf0275d6,,
0x0000000000004c20,56,core::slice::from_raw_parts_mut::hc6374325473decc6,,
0x0000000000004e80,56,core::alloc::Layout::from_size_align_unchecked::hf2abf9ec4a734d9d,,
0x0000000000005260,56,alloc::raw_vec::RawVec<T>::from_raw_parts::h383c5003620b2241,,
0x0000000000005ee0,56,core::option::Option<T>::ok_or::h2c01f5d60502407a,,
0x0000000000005f80,56,core::option::Option<T>::ok_or::haab21f50f7f8b354,,
0x00000000000063b0,56,alloc::vec::Vec<T>::from_raw_parts::hc878fb7d9f06fc08,,
0x00000000000065d0,56,<alloc::vec::Vec<T> as core::ops::drop::Drop>::drop::he5e84674af90f061,,
0x00000000000066b0,56,<alloc::vec::Vec<T> as core::ops::index::IndexMut<I>>::index_mut::ha22fd1073413f00c,,
0x0000000000006f20,56,<core::ptr::non_null::NonNull<T> as core::convert::From<core::ptr::unique::Unique<T>>>::from::hd7cab09211809c5a,,
0x0000000000007210,56,<x86_64::addr::VirtAddr as core::cmp::PartialOrd>::partial_cmp::hce519e84d38c91aa,,
0x0000000000007430,56,alloc::boxed::Box<T>::into_raw_non_null::h0a3dbf97b8ddb270,,
0x0000000000007480,56,alloc::boxed::Box<T>::into_raw::h8604a498065f1405,,
0x0000000000007510,56,core::ptr::swap_nonoverlapping::h37b38512cc19939c,,
0x00000000000079c0,56,core::num::<impl usize>::saturating_mul::hab9880237e69310c,,
0x0000000000007c20,56,<x86_64::structures::paging::page::Page<S> as core::ops::arith::AddAssign<u64>>::add_assign::hc59681bc1e0a0ca2,,
0x0000000000007c80,56,<x86_64::structures::paging::page::PageRangeInclusive<S> as core::iter::traits::iterator::Iterator>::next::h2039b13b8d4698bf,,
0x0000000000009da0,56,core::alloc::Layout::array::{{closure}}::h8012cecb9882dc4f,,
0x0000000000009ef0,56,core::num::ptr_try_from_impls::<impl core::convert::TryFrom<usize> for u32>::try_from::hd86b92a347a8ec7b,,
0x0000000000009fa0,56,<alloc::alloc::Global as core::alloc::Alloc>::alloc::h6dd458db9bda44e5,,
0x000000000000a0b0,56,alloc::alloc::exchange_malloc::ha91cd757def6afe9,,
0x000000000000a190,56,alloc::alloc::dealloc::h1d669370b95c21f6,,
0x000000000000a5a0,56,core::iter::traits::iterator::Iterator::try_for_each::h036f23059fc26d2f,,
0x000000000000a5f0,56,core::iter::traits::iterator::Iterator::find::h01a20d847ae69649,,
0x000000000000a690,56,core::slice::from_raw_parts_mut::h7a8e1f6e35cb93c0,,
0x000000000000b230,56,core::ptr::swap_nonoverlapping::he91126c296704160,,
0x000000000000b550,56,__rg_dealloc,,
0x000000000000c060,56,<core::iter::adapters::Map<I,F> as core::iter::traits::iterator::Iterator>::next::h6a56bf78492d0e59,
0x000000000000c820,56,core::num::<impl usize>::saturating_mul::hd10a1c2ee42e0650,,
0x000000000000db40,56,<core::ops::range::RangeTo<usize> as core::slice::SliceIndex<[T]>>::get_unchecked_mut::h04c83e2c37817da9,,
0x000000000000de80,56,<u64 as core::iter::range::Step>::add_usize::h9f43896cb8d8d6db,,
0x000000000000e2a0,56,core::sync::atomic::AtomicUsize::compare_exchange::hd9e35fab95afa8bb,,
0x000000000000e980,56,core::iter::traits::iterator::Iterator::find::check::{{closure}}::hd03e8736f5df8fd0,,
0x000000000000fa10,56,core::ops::function::FnOnce::call_once::hb2ad155cf7b554f4,,
0x0000000000010d70,56,blog_os::memory::BootInfoFrameAllocator::usable_frames::{{closure}}::h05e42b9e72ce26f8,,
0x00000000000122f0,56,core::alloc::Layout::from_size_align_unchecked::hc77b37e04fd800ff,,
0x0000000000012570,56,core::option::Option<T>::map::hbea5b4f4f0784489,,
0x0000000000012c10,56,core::slice::<impl core::ops::index::Index<I> for [T]>::index::h1b3e86da79654e17,,
0x0000000000012c80,56,<bootloader::bootinfo::memory_map::MemoryMap as core::ops::deref::Deref>::deref::hfae6f5a2768a92bf,,
0x0000000000013010,56,<usize as core::iter::range::Step>::add_usize::hc3ca1d89f1f87d13,,
0x0000000000013180,56,core::slice::from_raw_parts::h386a22e6a7604714,,
0x0000000000013240,56,core::ptr::swap_nonoverlapping::h7e8cf2e53a83f5ab,,
0x0000000000013f30,56,core::num::<impl usize>::saturating_mul::h746c362d34230f2f,,
0x0000000000017c00,56,pic8259_simple::ChainedPics::handles_interrupt::h755f8cadd03852a1,,
0x0000000000017d20,56,core::iter::traits::iterator::Iterator::try_for_each::hbe981527f3e4199b,,
0x0000000000017d70,56,core::iter::traits::iterator::Iterator::any::h43ae078cd11494ab,,
0x0000000000018a10,56,core::iter::traits::iterator::Iterator::any::check::{{closure}}::h8edd1159f35e36e1,,
0x0000000000018ed0,56,x86_64::structures::paging::page_table::PageTableEntry::set_addr::heaf427970a711af8,,
0x0000000000018f50,56,x86_64::structures::paging::page_table::PageTableEntry::set_frame::haf809ab5c1bc351c,,
0x0000000000019420,56,core::num::<impl core::convert::TryFrom<u64> for u16>::try_from::hc2d35a94ea5c6b9f,,
0x0000000000019480,56,x86_64::structures::paging::mapper::offset_page_table::OffsetPageTable::new::he45efeabd49330de,,
0x00000000000194e0,56,<x86_64::structures::paging::mapper::offset_page_table::PhysOffset as x86_64::structures::paging::mapper::mapped_page_table::PhysToVirt>::phys_to_virt::hb6afa60b0c068e65,,
0x000000000001a1c0,56,x86_64::structures::paging::mapper::mapped_page_table::MappedPageTable<P>::new::h61396c8b2bec7831,,
0x000000000001a350,56,x86_64::structures::idt::InterruptDescriptorTable::load::h44dcd83cd5805e66,,
0x000000000001aa70,56,x86_64::structures::idt::EntryOptions::set_stack_index::he1932a1aca8b7487,,
0x000000000001b9f0,56,x86_64::structures::gdt::Descriptor::kernel_code_segment::hd692616b10ed6c0c,,
0x000000000001be40,56,x86_64::addr::VirtAddr::new_unchecked::hc6826dcfc374a0f7,,
0x000000000001bf60,56,x86_64::addr::VirtAddr::align_down::hc23e6602823972ae,,
0x000000000001c140,56,x86_64::addr::VirtAddr::p4_index::he3795fb455454766,,
0x000000000001c370,56,<x86_64::addr::VirtAddr as core::ops::arith::Sub<u64>>::sub::h3a260cd94fafd9d4,,
0x000000000001c600,56,x86_64::addr::PhysAddr::align_down::h030683d4fb077e50,,
0x000000000001c7f0,56,core::result::Result<T,E>::expect::h3ef6cc24c8dd4f80,
0x000000000001ca50,56,<u16 as bit_field::BitField>::set_bit::h23e2df12c6009bd1,,
0x000000000001d060,56,<u64 as bit_field::BitField>::get_bit::h57f117808782013d,,
0x000000000001da60,56,core::ptr::swap_nonoverlapping::hafeee496da014116,,
0x000000000001e530,56,linked_list_allocator::align_down::h215054f4ef2e00a2,,
0x000000000001e8a0,56,linked_list_allocator::hole::HoleList::deallocate::h00236ecece277ae0,,
0x00000000000205c0,56,core::option::Option<T>::map_or::h4b7c4f0ecc6ee660,,
0x0000000000020820,56,core::option::Option<T>::and_then::h1972d7bb185a96cf,,
0x0000000000020dd0,56,core::result::Result<T,E>::unwrap::h4756325fd5938c96,
0x0000000000020f10,56,core::alloc::Layout::from_size_align_unchecked::hb88b1d80d9ace529,,
0x00000000000071a0,48,core::fmt::Arguments::new_v1::h913842fbdacd82ec,,
0x0000000000007570,48,core::ptr::slice_from_raw_parts::h4f318115741ba20e,,
0x0000000000007640,48,core::ptr::slice_from_raw_parts_mut::h0734514d7ab0a44e,,
0x0000000000007d50,48,x86_64::structures::paging::page::Page<S>::range_inclusive::h8a29eda9046aaa1a,,
0x0000000000009af0,48,core::mem::forget::hd073c5dee884f594,,
0x000000000000b310,48,core::ptr::slice_from_raw_parts_mut::h5cb25b7ef6e94192,,
0x000000000000b6a0,48,core::fmt::Arguments::new_v1::hb3e4e6343c24f5c8,,
0x0000000000010560,48,pc_keyboard::Keyboard<T,S>::new::he7e730ac7a6d9bf4,
0x0000000000012ea0,48,core::option::Option<T>::unwrap_or::hdca69adbafeac998,,
0x00000000000132a0,48,core::ptr::slice_from_raw_parts::h30f413f247bbf6d2,,
0x0000000000019b00,48,core::fmt::Arguments::new_v1::hbdb671c24f242bbe,,
0x0000000000004410,40,alloc::rc::RcBoxPtr::dec_strong::h90ec974bfb87a995,,
0x0000000000004510,40,alloc::rc::RcBoxPtr::weak::h57b900a4b8055a87,,
0x0000000000004560,40,alloc::rc::RcBoxPtr::strong::h814e693339794782,,
0x00000000000045a0,40,alloc::rc::RcBoxPtr::dec_weak::hdb6463b51b18d6d9,,
0x0000000000004700,40,core::iter::range::<impl core::iter::traits::iterator::Iterator for core::ops::range::Range<A>>::next::h7957e8c9245180f7,,
0x0000000000004820,40,core::intrinsics::copy_nonoverlapping::h21a7ec0428e6696f,,
0x0000000000004900,40,core::intrinsics::is_aligned_and_not_null::h0467be74f8935a47,,
0x0000000000004d10,40,core::slice::<impl core::ops::index::IndexMut<I> for [T]>::index_mut::h31b9cc972874f186,,
0x00000000000051f0,40,core::cmp::impls::<impl core::cmp::PartialOrd for u64>::partial_cmp::h71529aa868d470f7,,
0x0000000000006040,40,core::option::Option<T>::ok_or::he15768a0d62dafb8,,
0x00000000000061e0,40,core::ptr::unique::Unique<T>::new_unchecked::haef94c8c567b7391,,
0x0000000000006340,40,<T as core::convert::Into<U>>::into::h8ca874fb2be62070,,
0x0000000000006420,40,alloc::vec::Vec<T>::new::h913aab1c5b76b0be,,
0x0000000000006610,40,<alloc::vec::Vec<T> as core::ops::deref::Deref>::deref::hca5f828a80d3d89f,,
0x0000000000006660,40,<alloc::vec::Vec<T> as core::ops::deref::DerefMut>::deref_mut::h80f20986063ccae2,,
0x0000000000007340,40,alloc::boxed::Box<T>::into_unique::h58c21f788a43a3a2,,
0x00000000000074d0,40,<alloc::boxed::Box<T> as core::fmt::Pointer>::fmt::hf4b84e0717ec1390,,
0x00000000000075c0,40,core::ptr::swap_nonoverlapping_one::he4a4b8bc39019b9c,,
0x0000000000007da0,40,<x86_64::structures::paging::page::Page<S> as core::clone::Clone>::clone::hd096de1f0271854e,,
0x0000000000007eb0,40,<x86_64::structures::paging::page::Page<S> as core::cmp::PartialOrd>::le::{{closure}}::h3aa72f2e800def2b,,
0x0000000000007f50,40,<&T as core::fmt::Pointer>::fmt::h05a7d39380d7a3c3,,
0x00000000000092a0,40,core::result::Result<T,E>::expect::h4a19563f314e9194,
0x0000000000009620,40,core::cmp::Ord::max::h4b60951fc400ce95,,
0x00000000000096e0,40,core::cmp::Ordering::then_with::hf64069fc09c20563,,
0x0000000000009c10,40,core::cell::Cell<T>::replace::h5f67675a3cb06234,,
0x0000000000009c70,40,core::alloc::size_align::h55216943c39578dc,,
0x0000000000009ff0,40,<alloc::alloc::Global as core::alloc::Alloc>::dealloc::h611e0bf376a32efa,,
0x000000000000a140,40,alloc::alloc::alloc::h10ff562686dfc2ac,,
0x000000000000a320,40,blog_os::memory::init::hae11ac20aa595bdf,,
0x000000000000a650,40,core::iter::traits::iterator::Iterator::filter::h6ff9e751214562f0,,
0x000000000000a770,40,core::slice::<impl [T]>::get_unchecked_mut::ha91508bc6f7867df,,
0x000000000000a7b0,40,core::slice::<impl [T]>::get_unchecked_mut::hefd18aff34593f53,,
0x000000000000a830,40,<usize as core::slice::SliceIndex<[T]>>::get_unchecked_mut::h9dcaf678fa171468,,
0x000000000000b290,40,core::ptr::swap_nonoverlapping_one::h22a52f81423b5372,,
0x000000000000b500,40,__rg_alloc,,
0x000000000000b9e0,40,spin::mutex::Mutex<T>::lock::h18c81c7ed7a29dd4,,
0x000000000000ba40,40,spin::mutex::Mutex<T>::lock::hcee998c41a5a9984,,
0x000000000000baa0,40,spin::mutex::Mutex<T>::lock::hde7ab55fc950bfbf,,
0x000000000000bc30,40,core::iter::traits::iterator::Iterator::map::h7aeda69dc18c79ef,,
0x000000000000bc70,40,core::iter::traits::iterator::Iterator::map::hab4172d8edb1c226,,
0x000000000000bda0,40,core::iter::traits::iterator::Iterator::flat_map::hb476e1814f8faa9e,,
0x000000000000bdd0,40,core::iter::adapters::StepBy<I>::new::h8c5e128dcee724ac,,
0x000000000000be50,40,core::iter::adapters::Map<I,F>::new::h08c93daa72d5a861,
0x000000000000bee0,40,core::iter::adapters::Map<I,F>::new::h37342228411fbf7a,
0x000000000000bf10,40,core::iter::adapters::Filter<I,P>::new::h9800b22dea08a27c,
0x000000000000c010,40,<core::iter::adapters::Map<I,F> as core::iter::traits::iterator::Iterator>::next::h12f439fa7cf10d6a,
0x000000000000c0b0,40,<core::iter::adapters::Map<I,F> as core::iter::traits::iterator::Iterator>::next::h9a4e8a0043bb4901,
0x000000000000c3f0,40,core::option::Option<T>::ok_or::h604b26e0178464c4,,
0x000000000000dda0,40,core::iter::traits::iterator::Iterator::step_by::h8edc718ab575e4da,,
0x000000000000df70,40,core::sync::atomic::AtomicBool::compare_and_swap::h618de9b25a41ea2c,,
0x000000000000e060,40,core::sync::atomic::AtomicBool::compare_exchange::h384b964f36eba0da,,
0x000000000000e140,40,core::sync::atomic::AtomicBool::load::h540852497e39d662,,
0x000000000000e310,40,core::sync::atomic::AtomicUsize::load::h03510b523f3872ad,,
0x000000000000e350,40,core::sync::atomic::AtomicUsize::store::h44aa8c1cdca4e823,,
0x000000000000e400,40,core::sync::atomic::atomic_load::h9bf6efe68a5a722c,,
0x000000000000e920,40,core::iter::traits::iterator::Iterator::try_for_each::call::{{closure}}::h8dda21f6df1fc007,,
0x000000000000f310,40,spin::once::Once<T>::force_get::h20fc04b6176359ce,,
0x000000000000f380,40,spin::once::Once<T>::force_get::h358cbdec9cfd25c6,,
0x000000000000f3f0,40,spin::once::Once<T>::force_get::h7e3e1c3a352debdb,,
0x000000000000f460,40,spin::once::Once<T>::force_get::ha8d6ca5a71c095fb,,
0x000000000000f5c0,40,core::intrinsics::copy_nonoverlapping::h3f45aadc411d050e,,
0x000000000000f6a0,40,core::intrinsics::is_aligned_and_not_null::hb9aed0f9da75ed3d,,
0x000000000000ff90,40,x86_64::instructions::interrupts::without_interrupts::h97db87127b6c68ee,,
0x0000000000010150,40,<&mut W as core::fmt::Write>::write_str::h167fc45c86e103a2,,
0x0000000000010c60,40,core::ops::function::impls::<impl core::ops::function::FnOnce<A> for &mut F>::call_once::h2b5f7a805c62684c,,
0x0000000000010ca0,40,core::ops::function::impls::<impl core::ops::function::FnOnce<A> for &mut F>::call_once::h693a43d21fd7802e,,
0x0000000000010ce0,40,core::ops::function::impls::<impl core::ops::function::FnOnce<A> for &mut F>::call_once::h7d0e9856771f3f6c,,
0x0000000000010dd0,40,blog_os::memory::BootInfoFrameAllocator::usable_frames::{{closure}}::h5468a509c5a433a7,,
0x0000000000010e10,40,blog_os::memory::BootInfoFrameAllocator::usable_frames::{{closure}}::h13076a5fe3d95349,,
0x0000000000011110,40,<core::iter::LoopState<C,B> as core::ops::try::Try>::into_result::hefb4dcd805e7100d,
0x00000000000118f0,40,<blog_os::vga_buffer::Writer as core::fmt::Write>::write_str::hb9d878c3c6eeb4a3,,
0x00000000000123c0,40,core::iter::traits::iterator::Iterator::cloned::haa8375d270dd6edc,,
0x0000000000012d80,40,core::cmp::Ord::min::ha0aebd4cdfbef31e,,
0x0000000000012e40,40,core::option::Option<T>::unwrap::hd681bbdf07bb9889,,
0x00000000000132f0,40,core::ptr::swap_nonoverlapping_one::h52e45883b8bf3c34,,
0x0000000000013750,40,core::intrinsics::copy_nonoverlapping::h8929168e91c6111b,,
0x0000000000013830,40,core::intrinsics::copy_nonoverlapping::hcaf00fddc1149441,,
0x0000000000013900,40,core::intrinsics::is_aligned_and_not_null::h3a3d51da5f791bc8,,
0x0000000000013990,40,core::intrinsics::is_aligned_and_not_null::hb3f0166e077dd87a,,
0x0000000000013a20,40,core::intrinsics::is_aligned_and_not_null::hfe98e40c6ecfa8af,,
0x0000000000014140,40,pc_keyboard::ConsumeState::extract_state::h48e38fd25ef81397,,
0x00000000000189b0,40,core::iter::traits::iterator::Iterator::try_for_each::call::{{closure}}::hb9baf114bfa40f83,,
0x0000000000019080,40,<x86_64::structures::paging::page_table::PageTable as core::ops::index::Index<ux::u9>>::index::h0420cb72e093a0f1,,
0x0000000000019100,40,<x86_64::structures::paging::page_table::PageTable as core::ops::index::IndexMut<ux::u9>>::index_mut::h2a5bc87a2e5e3552,,
0x00000000000191b0,40,x86_64::structures::paging::page_table::PageTableFlags::from_bits_truncate::hbe39ca36ce914e5a,,
0x00000000000196c0,40,core::fmt::num::<impl core::fmt::Debug for u64>::fmt::h66a1570f2f4d5813,,
0x0000000000019830,40,x86_64::structures::paging::frame::PhysFrame<S>::containing_address::h9d2e11a84e3e8faf,,
0x0000000000019890,40,x86_64::registers::rflags::RFlags::from_bits_truncate::h144e6b533d1b085b,,
0x0000000000019bb0,40,core::option::Option<T>::unwrap::h24a6444422b17239,,
0x0000000000019ec0,40,x86_64::structures::paging::page::Page<S>::containing_address::h4e6a5897ef63feb1,,
0x000000000001a850,40,x86_64::structures::idt::Entry<F>::set_handler_addr::h827843cb1aecf88b,,
0x000000000001a8f0,40,x86_64::structures::idt::Entry<F>::set_handler_addr::h8f0ec517bd594211,,
0x000000000001a990,40,x86_64::structures::idt::Entry<F>::set_handler_addr::ha771396d28ecd793,,
0x000000000001b6a0,40,x86_64::registers::control::Cr3Flags::from_bits_truncate::h25007d0a1c8c63c9,,
0x000000000001bd10,40,x86_64::addr::VirtAddr::new::h5d59643ff3ef3fea,,
0x000000000001c030,40,x86_64::addr::VirtAddr::p2_index::h9ad9e5fbf0cc8382,,
0x000000000001c0b0,40,x86_64::addr::VirtAddr::p3_index::h357f52700f029c4d,,
0x000000000001c2d0,40,<x86_64::addr::VirtAddr as core::ops::arith::Add<u64>>::add::h1bf75b228d285226,,
0x000000000001c320,40,<x86_64::addr::VirtAddr as core::ops::arith::Add<usize>>::add::hf65955bce924731e,,
0x000000000001c660,40,x86_64::addr::PhysAddr::is_aligned::h0c28006e3483880a,,
0x000000000001c6b0,40,x86_64::addr::align_down::hc0d236d63d53a9c0,,
0x000000000001d9c0,40,core::fmt::num::<impl core::fmt::Debug for u64>::fmt::h98f06e23a5dc3c9c,,
0x000000000001dac0,40,core::ptr::swap_nonoverlapping_one::h46ea451513912d37,,
0x000000000001df30,40,core::mem::take::h3a84311b891256d0,,
0x000000000001e0c0,40,core::ptr::non_null::NonNull<T>::new::h5a2021fd49daec9b,,
0x000000000001e160,40,linked_list_allocator::Heap::init::h134180452404e856,,
0x000000000001e5d0,40,linked_list_allocator::align_up::hd22bc3d53efc273d,,
0x000000000001f790,40,linked_list_allocator::hole::deallocate::{{closure}}::hcfc1ec8abfdcda4d,,
0x000000000001f800,40,core::sync::atomic::AtomicBool::compare_and_swap::hb28a9345fad25435,,
0x000000000001f8f0,40,core::sync::atomic::AtomicBool::compare_exchange::h8d1a0c60d02fc749,,
0x000000000001f9a0,40,core::sync::atomic::AtomicBool::load::hbe32a4576b89e93d,,
0x000000000001fac0,40,core::sync::atomic::atomic_store::h997498649750af7c,,
0x000000000001ff90,40,core::intrinsics::copy_nonoverlapping::hbb3bf8992d5b0a10,,
0x0000000000020060,40,core::intrinsics::copy_nonoverlapping::hd2a2751acbbf39e3,,
0x0000000000020140,40,core::intrinsics::is_aligned_and_not_null::h706f898e52d0840e,,
0x00000000000201d0,40,core::intrinsics::is_aligned_and_not_null::h8712b0d6771b1fd7,,
0x0000000000020780,40,core::option::Option<T>::unwrap::h50a49067c44c9054,,
0x0000000000020b20,40,spin::mutex::Mutex<T>::lock::hd8bf68c265683663,,
0x0000000000021000,40,core::sync::atomic::AtomicUsize::store::h2be4681139467879,,
0x0000000000021040,40,core::sync::atomic::atomic_store::ha5553fe0d387a4a2,,
0x0000000000004ce0,32,core::slice::<impl [T]>::len::ha0a4e5b7d539207d,,
0x0000000000005b20,32,alloc::raw_vec::RawVec<T,A>::reserve_internal::{{closure}}::h92257e96e0226456,
0x0000000000006fe0,32,core::ptr::non_null::NonNull<T>::new_unchecked::h786179ba66065691,,
0x00000000000076c0,32,core::ptr::<impl *mut T>::offset::hdee965bbbe23f1ca,,
0x0000000000007960,32,core::num::<impl usize>::wrapping_add::hb867837f8af1327e,,
0x0000000000007990,32,core::num::<impl usize>::wrapping_sub::ha2327141dd2246b3,,
0x000000000000c7f0,32,core::num::<impl usize>::wrapping_sub::h7e0daa2d64a5613d,,
0x0000000000011060,32,core::iter::LoopState<C,B>::break_value::h71cee4f716801102,
0x0000000000012500,32,core::iter::adapters::Cloned<I>::new::hfb31ee90767daaf8,,
0x00000000000127d0,32,core::slice::<impl [T]>::len::hc3803ff029a13ec1,,
0x0000000000012950,32,core::ptr::<impl *const T>::wrapping_offset::hbf06acbe695d14e9,,
0x00000000000129b0,32,core::ptr::<impl *const T>::offset::hd03fb119a3ff82cb,,
0x0000000000012a60,32,core::ptr::<impl *const T>::offset::h6b6dabfaba095d71,,
0x0000000000012ae0,32,core::slice::<impl [T]>::len::hffbe1b1071b23e81,,
0x0000000000013590,32,core::ptr::<impl *mut T>::offset::h5b3a058b7bc5a44b,,
0x00000000000135f0,32,core::ptr::<impl *const T>::wrapping_offset::hb1b85435adda715f,,
0x00000000000177b0,32,core::ptr::<impl *const T>::offset::hf34bb12cd35e9254,,
0x0000000000017830,32,core::slice::<impl [T]>::len::h53586e9b50d6fbdd,,
0x0000000000018630,32,core::ptr::<impl *const T>::wrapping_offset::h0e99345069d8cb80,,
0x0000000000018a70,32,core::num::<impl usize>::wrapping_sub::h308e9ca677103b95,,
0x0000000000018b80,32,core::ptr::<impl *mut T>::offset::h79dab96233b0b76b,,
0x0000000000018c20,32,core::slice::<impl [T]>::len::h1f23622613cbaf94,,
0x0000000000019300,32,core::num::<impl u64>::wrapping_sub::h01b9a9d47f55de02,,
0x0000000000019b60,32,core::slice::<impl [T]>::len::he038876cb5dd4621,,
0x000000000001a040,32,core::ptr::<impl *mut T>::wrapping_offset::hcf85336d9bc26f39,,
0x000000000001a0b0,32,x86_64::structures::paging::mapper::MapperFlush<S>::new::h57924ecb1468cd7c,,
0x000000000001c730,32,<x86_64::addr::PhysAddr as core::cmp::PartialEq>::eq::hc260c4e38e8f603a,,
0x000000000001dd60,32,core::ptr::<impl *mut T>::offset::h5a6c30cac97c0d06,,
0x00000000000209b0,32,core::num::<impl usize>::wrapping_sub::hee35f8b914e99737,,
0x0000000000020bc0,32,core::result::Result<T,E>::ok::hcb210471898be9cb,
0x00000000000042d0,24,x86_64::instructions::tlb::flush::hf306a1589c24bfd9,,
0x0000000000004300,24,alloc::rc::Rc<T>::from_inner::h6847c44e0d036800,,
0x0000000000004320,24,alloc::rc::Rc<T>::strong_count::h1a32b569f5186e7d,,
0x0000000000004600,24,<alloc::rc::Rc<T> as core::clone::Clone>::clone::hb62800113d0723e5,,
0x0000000000004800,24,<core::ops::range::RangeFull as core::slice::SliceIndex<[T]>>::index_mut::hdce57a1575de3d85,,
0x0000000000004ee0,24,core::alloc::Layout::align::hfaf918fa4ba5f90b,,
0x0000000000005170,24,core::cmp::impls::<impl core::cmp::Ord for u64>::cmp::h5ae0f27b946d47ea,,
0x00000000000052a0,24,alloc::raw_vec::RawVec<T>::new::h7f4da0c80532be59,,
0x0000000000005c90,24,alloc::raw_vec::RawVec<T,A>::ptr::h0caa9cfadec62536,
0x0000000000006190,24,<core::ptr::unique::Unique<T> as core::convert::From<core::ptr::non_null::NonNull<T>>>::from::h3fa5120b669ddb77,,
0x00000000000061c0,24,core::ptr::unique::Unique<T>::new_unchecked::h8cc7754125da9a4f,,
0x0000000000006210,24,core::ptr::unique::Unique<T>::new_unchecked::he0e695cbd705a4c1,,
0x0000000000006230,24,core::ptr::unique::Unique<T>::empty::h3d0b5158cc928c46,,
0x0000000000006260,24,core::ptr::unique::Unique<T>::as_mut::h9f93fbcdab6f149e,,
0x00000000000062a0,24,core::ptr::unique::Unique<T>::as_mut::hcdd5f183d737a9af,,
0x0000000000006310,24,<T as core::convert::Into<U>>::into::h8adb19f9ec04f175,,
0x0000000000006380,24,alloc::vec::Vec<T>::as_mut_ptr::h118daae11871ab86,,
0x0000000000006540,24,alloc::vec::Vec<T>::as_ptr::h6b408256109bc3c0,,
0x0000000000006570,24,alloc::vec::Vec<T>::reserve::h1d6530baa1bca5e5,,
0x00000000000065a0,24,alloc::vec::Vec<T>::as_slice::h2006930d3bc7922f,,
0x0000000000006ef0,24,<core::ptr::non_null::NonNull<T> as core::convert::From<core::ptr::unique::Unique<T>>>::from::h94b7c922f30f532c,,
0x0000000000006f70,24,<core::ptr::non_null::NonNull<T> as core::convert::From<core::ptr::unique::Unique<T>>>::from::hff4326668a574ca8,,
0x0000000000007010,24,core::ptr::non_null::NonNull<T>::cast::h2bdcf77d38a48d6b,,
0x0000000000007050,24,core::ptr::non_null::NonNull<T>::cast::h5d3f900f2a2dde08,,
0x0000000000007090,24,core::ptr::non_null::NonNull<T>::cast::h7de5ada55e7bbafe,,
0x00000000000070d0,24,core::ptr::non_null::NonNull<T>::as_mut::hc35fb67978c4d8dc,,
0x0000000000007140,24,core::ptr::non_null::NonNull<T>::as_ref::h8d25174f4d8ad402,,
0x0000000000007170,24,<T as core::convert::Into<U>>::into::h204630b1dcd020d9,,
0x0000000000007400,24,alloc::boxed::Box<T>::into_raw_non_null::h09438dfa123d7b64,,
0x0000000000007690,24,core::ptr::<impl *mut T>::add::h0e7f97fcc06b57dc,,
0x0000000000007700,24,core::ptr::<impl *mut T>::is_null::hd829920368ee6ed7,,
0x0000000000007740,24,core::ptr::<impl *const T>::is_null::hb22148a986114005,,
0x0000000000007a20,24,core::num::<impl usize>::is_power_of_two::hd3680a7f749050b6,,
0x0000000000007f20,24,alloc::slice::<impl [T]>::into_vec::hfff1af6afc06d8c5,,
0x0000000000008cf0,24,_start,,
0x00000000000090c0,24,<core::marker::PhantomData<T> as core::cmp::PartialOrd>::partial_cmp::h5983f3a2cda4622b,,
0x00000000000095f0,24,<x86_64::structures::paging::page_table::PageTableFlags as core::ops::bit::BitOr>::bitor::h0a198cad04b4da8c,,
0x00000000000096b0,24,core::cmp::max::hf2ae15168f40b787,,
0x0000000000009750,24,core::cmp::PartialEq::ne::h54e793b1035e8186,,
0x0000000000009a20,24,core::mem::size_of_val::h07537c1c6bc261e2,,
0x0000000000009a50,24,core::mem::align_of_val::h91ecad7f741770c3,,
0x0000000000009aa0,24,core::mem::swap::ha32dbdfbb577e513,,
0x0000000000009ad0,24,core::mem::forget::h2e7f44af55ffc59b,,
0x0000000000009b30,24,core::mem::replace::h0a29369ef71e1271,,
0x0000000000009b80,24,core::cell::Cell<T>::get::h35c02b5119139ea0,,
0x0000000000009bb0,24,core::cell::Cell<T>::new::h97afcf04eac3f066,,
0x0000000000009be0,24,core::cell::Cell<T>::set::h93e87926a91d95de,,
0x0000000000009f60,24,x86_64::structures::paging::mapper::MapperFlush<S>::flush::he78826cd0e0719ee,,
0x000000000000a3e0,24,blog_os::memory::BootInfoFrameAllocator::init::h3fd32e39e26a5fc1,,
0x000000000000a7f0,24,core::slice::<impl [T]>::is_empty::ha2ad8004d617f143,,
0x000000000000b1c0,24,core::ptr::read_volatile::h75bf20aa852d7e2c,,
0x000000000000b400,24,blog_os::init::hf4c2af5e79d55ae0,,
0x000000000000b710,24,spin::mutex::Mutex<T>::obtain_lock::h165c34d7b898c762,,
0x000000000000b780,24,spin::mutex::Mutex<T>::obtain_lock::h9a645ba8f06c3e9e,,
0x000000000000b7f0,24,spin::mutex::Mutex<T>::obtain_lock::he7addc5527649028,,
0x000000000000b860,24,spin::mutex::Mutex<T>::obtain_lock::hec453e2a08268abd,,
0x000000000000bb00,24,spin::mutex::Mutex<T>::lock_leak::h200b38c06b8676cd,,
0x000000000000bb40,24,<spin::mutex::MutexGuard<T> as core::ops::drop::Drop>::drop::h1405dbbd6c65db9f,,
0x000000000000bb70,24,<spin::mutex::MutexGuard<T> as core::ops::drop::Drop>::drop::h639fad25f15b16cf,,
0x000000000000bba0,24,<spin::mutex::MutexGuard<T> as core::ops::drop::Drop>::drop::hf8d666dc03012aa2,,
0x000000000000bc00,24,<core::iter::adapters::Filter<I,P> as core::iter::traits::iterator::Iterator>::next::h87498ab8f15451ce,
0x000000000000bf80,24,<&mut I as core::iter::traits::iterator::Iterator>::next::h515afcd231e2e242,,
0x000000000000bfb0,24,<core::iter::adapters::StepBy<I> as core::iter::traits::iterator::Iterator>::next::h05998ca44d2ee4ee,,
0x000000000000c490,24,core::option::Option<T>::as_mut::h9e2f0dd6f2e6c5ae,,
0x000000000000c4e0,24,core::option::Option<T>::as_ref::h100a088ea8bfdb92,,
0x000000000000c530,24,core::option::Option<T>::as_ref::h309a265dff11b58d,,
0x000000000000c580,24,core::option::Option<T>::as_ref::h99b9ecd547a86cab,,
0x000000000000c5d0,24,core::option::Option<T>::as_ref::heccf9fe1cb82b2e8,,
0x000000000000c630,24,<core::option::Option<T> as core::ops::try::Try>::from_error::h83e8a0f576d0bda2,,
0x000000000000c650,24,<core::option::Option<T> as core::ops::try::Try>::into_result::hf0b40e7d12dc0dac,,
0x000000000000c930,24,blog_os::interrupts::InterruptIndex::as_usize::h7516b15de80b978f,,
0x000000000000d6a0,24,<blog_os::interrupts::keyboard_interrupt_handler::KEYBOARD as core::ops::deref::Deref>::deref::h16f3d4286b0d3631,,
0x000000000000d6d0,24,<&mut T as core::fmt::Debug>::fmt::h947285e7cf208de3,,
0x000000000000d710,24,<&T as core::fmt::Display>::fmt::ha76a014248662369,,
0x000000000000d750,24,<core::iter::adapters::flatten::FlatMap<I,U,F> as core::iter::traits::iterator::Iterator>::next::hde39a5f08ad51bfc
0x000000000000de50,24,<u64 as core::iter::range::Step>::add_one::h46f128aef3aa16ec,,
0x000000000000def0,24,<u64 as core::ops::arith::Add>::add::h8b9d33d1ea67a55f,,
0x000000000000e110,24,core::sync::atomic::AtomicBool::new::h0928ce1b29e664b2,,
0x000000000000e190,24,core::sync::atomic::AtomicBool::store::h3d328ed2c4909c66,,
0x000000000000ea00,24,core::mem::swap::he269b2f13d16eab4,,
0x000000000000f580,24,core::cell::UnsafeCell<T>::new::hd05daa18954566e6,,
0x000000000000f7e0,24,core::num::ptr_try_from_impls::<impl core::convert::TryFrom<usize> for u64>::try_from::hb5a598e204faf3d8,,
0x00000000000100c0,24,<&mut W as core::fmt::Write>::write_char::h118655c990cc501c,,
0x0000000000010230,24,blog_os::gdt::init::he2f58f675d40ed87,,
0x00000000000102a0,24,<blog_os::gdt::TSS as core::ops::deref::Deref>::deref::h4711df4e09d68e82,,
0x00000000000102d0,24,<blog_os::gdt::GDT as core::ops::deref::Deref>::deref::h7000a46b7475b272,,
0x0000000000010c20,24,core::ops::function::impls::<impl core::ops::function::FnMut<A> for &mut F>::call_mut::hb4a77a061c403e36,,
0x0000000000010d20,24,blog_os::memory::BootInfoFrameAllocator::usable_frames::{{closure}}::hc5c0a3b9399c7ba5,,
0x0000000000011010,24,x86_64::instructions::port::Port<T>::read::hd4266f0f61c0326d,,
0x0000000000011940,24,<blog_os::vga_buffer::WRITER as core::ops::deref::Deref>::deref::hbb5bed86053929f0,,
0x0000000000011a30,24,<core::str::Bytes as core::iter::traits::iterator::Iterator>::next::h300d3be00fb5cc23,,
0x0000000000011a60,24,volatile::Volatile<T>::read::hab88ed42d55b6dd3,,
0x0000000000011a90,24,volatile::Volatile<T>::write::hce06170422270617,,
0x0000000000011ad0,24,core::result::Result<T,E>::unwrap::hc97c6b6c331ace6d,
0x0000000000011bb0,24,x86_64::addr::VirtAddr::from_ptr::h8c1f999fbc403575,,
0x0000000000012260,24,core::char::methods::<impl char>::len_utf8::h684a6a72d0617791,,
0x0000000000012350,24,core::alloc::Layout::align::h61d7a5be7e044754,,
0x0000000000012530,24,<core::iter::adapters::Cloned<I> as core::iter::traits::iterator::Iterator>::next::h3ca8f97a2630e033,,
0x0000000000012630,24,core::option::Option<&T>::cloned::h9ef3dfd004cdc985,,
0x0000000000012660,24,core::option::Option<&T>::cloned::{{closure}}::h04f85e712259a4b7,,
0x0000000000012690,24,core::ptr::<impl *const T>::is_null::h849d8d5ce863a278,,
0x00000000000126e0,24,cast::u64::hf06a8519458b6fbf,,
0x0000000000012920,24,core::ptr::<impl *const T>::wrapping_add::h016d86bba1095ac1,,
0x0000000000012980,24,core::ptr::<impl *const T>::add::h33fb28db208d6ec4,,
0x00000000000129e0,24,core::ptr::<impl *const T>::is_null::h74dc89f508ec70c3,,
0x0000000000012a30,24,core::ptr::<impl *const T>::add::h49b865d48337c01e,,
0x0000000000012aa0,24,core::ptr::<impl *const T>::is_null::hb877f185282ec70e,,
0x0000000000012cf0,24,bootloader::bootinfo::memory_map::FrameRange::start_addr::h578221d56f9ffd7d,,
0x0000000000012d30,24,bootloader::bootinfo::memory_map::FrameRange::end_addr::h80cdebcc31ca36ed,,
0x0000000000012e10,24,core::cmp::min::h97d0ae5f8b10e92f,,
0x0000000000012f50,24,<T as core::convert::Into<U>>::into::hcb5bd43af9c05226,,
0x0000000000012f80,24,<T as core::convert::TryFrom<U>>::try_from::h66d3b02e49c56791,,
0x0000000000013070,24,core::mem::swap::h5c3bd80d5f797544,,
0x0000000000013560,24,core::ptr::<impl *mut T>::add::h86947fb36d1b09ef,,
0x00000000000135c0,24,core::ptr::<impl *const T>::wrapping_add::h5d9aba42c448fd2e,,
0x0000000000013620,24,core::ptr::<impl *const T>::is_null::h3a54e8d36043b7f6,,
0x0000000000013660,24,core::ptr::<impl *const T>::is_null::hd6664d081301d0ad,,
0x0000000000017780,24,core::ptr::<impl *const T>::add::had7f572ac8d5d1b0,,
0x00000000000177f0,24,core::ptr::<impl *const T>::is_null::h597acba81f2b80b0,,
0x0000000000017960,24,pic8259_simple::Pic::handles_interrupt::hdd12f0f2d23cce5f,,
0x0000000000017c60,24,pic8259_simple::ChainedPics::handles_interrupt::{{closure}}::h345493aa5824d31d,,
0x0000000000017ca0,24,pic8259_simple::ChainedPics::notify_end_of_interrupt::h7a34c58118823682,,
0x0000000000018600,24,core::ptr::<impl *const T>::wrapping_add::h2b81c718ecd09afc,,
0x0000000000018690,24,cpuio::Port<T>::write::hc9b24c5912113461,,
0x00000000000186c0,24,cpuio::UnsafePort<T>::read::hb05ffe317b35d800,,
0x00000000000186f0,24,cpuio::UnsafePort<T>::write::he2c900b3de1e937a,,
0x0000000000018760,24,<core::iter::LoopState<C,B> as core::ops::try::Try>::into_result::h347bbfa234dbb8b7,
0x0000000000018b50,24,core::ptr::<impl *mut T>::add::h4a7c411fc7764dac,,
0x0000000000018bc0,24,core::ptr::<impl *mut T>::is_null::hcd70c3347afc6e35,,
0x0000000000018d70,24,x86_64::structures::paging::page_table::PageTableEntry::flags::hcd1e75cc470b2ce6,,
0x0000000000018da0,24,x86_64::structures::paging::page_table::PageTableEntry::addr::h1e804b1473e9ac2b,,
0x0000000000019330,24,core::num::<impl u64>::is_power_of_two::h4646cfa656639b33,,
0x00000000000197c0,24,x86_64::instructions::interrupts::are_enabled::hb303163d6a05d5dc,,
0x00000000000197f0,24,x86_64::registers::rflags::x86_64::read::h9859a5fd65f7ba70,,
0x0000000000019c20,24,<T as core::convert::Into<U>>::into::h3b94c8a59d6ad2da,,
0x0000000000019c50,24,<T as core::convert::TryInto<U>>::try_into::h834f2a4ed8c82e7c,,
0x0000000000019db0,24,x86_64::instructions::segmentation::set_cs::hd8229741a3c6721c,,
0x0000000000019e10,24,cast::u64::h839e3687400a1303,,
0x0000000000019e40,24,cast::usize::h0dead525a52eb605,,
0x0000000000019e70,24,cast::usize::h12c8400b919f5657,,
0x0000000000019f10,24,x86_64::structures::paging::page::Page<S>::p4_index::h188b2221bceeffda,,
0x0000000000019f50,24,x86_64::structures::paging::page::Page<S>::p3_index::h37020a75e5ae1b2c,,
0x0000000000019f90,24,x86_64::structures::paging::page::Page<S>::p2_index::h2b23d115440b1c31,,
0x0000000000019fd0,24,x86_64::structures::paging::page::Page::p1_index::h6d2aa5a6af8bf562,,
0x000000000001a010,24,core::ptr::<impl *mut T>::wrapping_add::h6a12fac7ffcf2992,,
0x000000000001aa30,24,x86_64::structures::idt::EntryOptions::set_present::hb9802975ff96fc79,,
0x000000000001aaf0,24,<x86_64::structures::idt::InterruptStackFrame as core::fmt::Debug>::fmt::h82f5113181c6b52b,,
0x000000000001ade0,24,"x86_64::structures::idt::Entry<extern ""x86.interrupt"" fn(&mut x86_64::structures::idt::InterruptStackFrame)>::set_handler_fn::hc9d30ae06fd5d28a",,
0x000000000001ae10,24,"x86_64::structures::idt::Entry<extern ""x86.interrupt"" fn(&mut x86_64::structures::idt::InterruptStackFrame", u64)>::set_handler_fn::hed15fc3a80bab0ca,
0x000000000001ae40,24,"x86_64::structures::idt::Entry<extern ""x86.interrupt"" fn(&mut x86_64::structures::idt::InterruptStackFrame", x86_64::structures::idt::PageFaultErrorCode)>::set_handler_fn::hf29f10ac7773b4fa,
0x000000000001b5d0,24,x86_64::registers::control::x86_64::<impl x86_64::registers::control::Cr2>::read::h9f3f63ee337cf0e0,,
0x000000000001bcd0,24,<x86_64::structures::gdt::DescriptorFlags as core::ops::bit::BitOr>::bitor::hd7e94f97a6ef22bf,,
0x000000000001bf00,24,x86_64::addr::VirtAddr::as_ptr::ha1d532eba363b49d,,
0x000000000001bf30,24,x86_64::addr::VirtAddr::as_mut_ptr::h11b169a47f1d2a06,,
0x000000000001bfc0,24,x86_64::addr::VirtAddr::p1_index::hfd387dcc1d298b02,,
0x000000000001c870,24,core::result::Result<T,E>::unwrap::ha7b192c4171ea4a4,
0x000000000001c960,24,<&T as core::fmt::Display>::fmt::he487ae29a71dee33,,
0x000000000001ca00,24,<u16 as bit_field::BitField>::bit_length::ha717eaa5bc16a86c,,
0x000000000001d010,24,<u64 as bit_field::BitField>::bit_length::h68f409875d085a69,,
0x000000000001d980,24,<&T as core::fmt::Debug>::fmt::ha6cef755401fa9ed,,
0x000000000001dd30,24,core::ptr::<impl *mut T>::add::h3dc0f26a8934baef,,
0x000000000001dd90,24,core::ptr::<impl *mut T>::is_null::h7bf9615e18b1710d,,
0x000000000001ddd0,24,core::ptr::<impl *const T>::is_null::hb1405019400b1c0a,,
0x000000000001dec0,24,core::ptr::write::he2b2239f8f8d27e6,,
0x000000000001df00,24,core::mem::swap::hfa782efb43e4cc27,,
0x000000000001df70,24,core::mem::replace::h606c4096496fa57b,,
0x000000000001e490,24,<linked_list_allocator::LockedHeap as core::alloc::GlobalAlloc>::alloc::{{closure}}::he9bf7032a964c352,,
0x000000000001e650,24,core::ptr::<impl *mut T>::write::h26f9fca17de018b4,,
0x000000000001e900,24,linked_list_allocator::hole::HoleList::min_size::h3b9e7624f0487530,,
0x000000000001e950,24,linked_list_allocator::hole::Hole::info::h17a8c4ef7964d13d,,
0x000000000001f9f0,24,core::sync::atomic::AtomicBool::store::hb9ed5f7568f072ad,,
0x000000000001fa40,24,core::sync::atomic::atomic_load::h9adeb081c05bdace,,
0x00000000000203c0,24,core::ptr::<impl *const T>::is_null::hd2fc215e8d533151,,
0x00000000000204f0,24,core::option::Option<T>::take::h5ec17f71e5fa44af,,
0x0000000000020520,24,core::option::Option<T>::as_mut::hd74f02185717f3c1,,
0x0000000000020570,24,core::option::Option<T>::as_ref::hd1ab6da74da93d05,,
0x00000000000206a0,24,core::option::Option<T>::unwrap::h19c74ed2d71af727,,
0x0000000000020710,24,core::option::Option<T>::unwrap::h351a955530ee05c0,,
0x00000000000209e0,24,core::num::<impl usize>::is_power_of_two::ha77619c54ec22fc8,,
0x0000000000020ab0,24,spin::mutex::Mutex<T>::obtain_lock::h821b796f968cb92d,,
0x0000000000020b80,24,<spin::mutex::MutexGuard<T> as core::ops::drop::Drop>::drop::h63f9b32906747bdb,,
0x0000000000020f70,24,core::alloc::Layout::align::h82ee0e97bfc0f33a,,
0x0000000000020fc0,24,<spin::once::Finish as core::ops::drop::Drop>::drop::hc958c660d47bd965,,
0x00000000000051c0,16,core::cmp::impls::<impl core::cmp::PartialOrd for i32>::lt::hc4f8c52e4f191fb5,,
0x0000000000005230,16,core::cmp::impls::<impl core::cmp::PartialOrd for usize>::ge::h3c62c53bc92b90db,,
0x00000000000062e0,16,core::ptr::unique::Unique<T>::as_ptr::h5127f07cc4f6dae5,,
0x0000000000006fa0,16,core::ptr::non_null::NonNull<T>::new_unchecked::h208e2093a9993485,,
0x0000000000006fc0,16,core::ptr::non_null::NonNull<T>::new_unchecked::h316febd1bfb0e21b,,
0x0000000000007120,16,core::ptr::non_null::NonNull<T>::as_ptr::h8a49eb81543f1f1c,,
0x00000000000077f0,16,core::ptr::write::h9abc441496cb39f6,,
0x0000000000007810,16,core::num::NonZeroUsize::new_unchecked::hae832589dff54407,,
0x0000000000007840,16,core::num::<impl u32>::wrapping_add::h87d8cdb9fdc9b434,,
0x0000000000007f00,16,<T as core::convert::From<T>>::from::h38b159858b92a4e7,,
0x0000000000009260,16,core::result::Result<T,E>::is_ok::h834e6a906f22552e,
0x0000000000009440,16,<core::result::Result<T,E> as core::ops::try::Try>::from_error::h383514ab1978df1e,
0x00000000000094b0,16,<core::result::Result<T,E> as core::ops::try::Try>::from_error::hb8e0541988ee6de3,
0x0000000000009570,16,<core::result::Result<T,E> as core::ops::try::Try>::into_result::h8bd0a838829043b2,
0x0000000000009b60,16,core::mem::align_of::h3f3cd13f72d4169e,,
0x0000000000009c50,16,core::cell::UnsafeCell<T>::new::hd6846889534f7d2a,,
0x000000000000a750,16,core::slice::<impl [T]>::as_mut_ptr::hd3db3fbb5e47ebe0,,
0x000000000000b200,16,core::ptr::write_volatile::h5159585d809a0d79,,
0x000000000000b3e0,16,core::ptr::write::hf0687be84ef0120b,,
0x000000000000c670,16,core::num::NonZeroUsize::new_unchecked::hf0ea28b50b06cba9,,
0x000000000000df30,16,core::cmp::impls::<impl core::cmp::PartialOrd for u64>::lt::h3329529df790eda9,,
0x000000000000e3a0,16,core::sync::atomic::strongest_failure_ordering::h8096587fbe9dfd38,,
0x000000000000e900,16,core::iter::traits::iterator::Iterator::try_for_each::call::hed04f406666f6cc9,,
0x000000000000e960,16,core::iter::traits::iterator::Iterator::find::check::h57eb53862794fba6,,
0x000000000000ea30,16,core::mem::align_of::h635b53e6b708026a,,
0x000000000000f550,16,core::cell::UnsafeCell<T>::new::hab10dffaf0759490,,
0x0000000000010ff0,16,x86_64::instructions::port::Port<T>::new::h7309cba638e04dfd,,
0x00000000000110f0,16,<core::iter::LoopState<C,B> as core::ops::try::Try>::from_error::h464d56a199ec75b1,
0x00000000000111b0,16,<core::iter::LoopState<C,B> as core::ops::try::Try>::from_ok::h320f98e80a2e16f0,
0x0000000000011a10,16,core::str::from_utf8_unchecked_mut::h1aac18022ab884b2,,
0x0000000000011b30,16,<core::result::Result<T,E> as core::ops::try::Try>::from_error::h020c8ea2eb35fa4a,
0x0000000000011b60,16,<core::result::Result<T,E> as core::ops::try::Try>::into_result::hb0721463acecacdc,
0x00000000000123a0,16,<I as core::iter::traits::collect::IntoIterator>::into_iter::h2532fc0f3039ac3d,,
0x00000000000128e0,16,core::slice::<impl [T]>::as_ptr::hec4e86215b6285fd,,
0x0000000000012900,16,core::mem::size_of::h87362318c9ebdf6f,,
0x0000000000012bf0,16,core::slice::<impl [T]>::as_ptr::h3bb7e831d7839fd9,,
0x0000000000012fb0,16,core::cmp::impls::<impl core::cmp::PartialOrd for usize>::le::hd68765e698f2da98,,
0x0000000000012fe0,16,core::cmp::impls::<impl core::cmp::PartialOrd for usize>::lt::h214e8b2239282588,,
0x00000000000130a0,16,core::mem::size_of::h31ba3472963a6c09,,
0x00000000000130c0,16,core::mem::size_of::h4f9e47d51b8447b5,,
0x00000000000130e0,16,core::mem::size_of::h6b6d90ac24e9351d,,
0x0000000000013100,16,core::mem::size_of::hbca1e490c5893625,,
0x0000000000013120,16,core::mem::align_of::h0686413853fceeea,,
0x0000000000013140,16,core::mem::align_of::h31954739dbe5f568,,
0x0000000000013160,16,core::mem::align_of::h44bdbae940afa1ea,,
0x0000000000013730,16,core::ptr::write::h9a3ac51154661c08,,
0x0000000000013cf0,16,<I as core::iter::traits::collect::IntoIterator>::into_iter::h94ff2ee23f3e9ca5,,
0x00000000000140e0,16,<core::result::Result<T,E> as core::ops::try::Try>::from_error::he1fe25bc828c35bf,
0x00000000000141b0,16,pc_keyboard::KeyEvent::new::h16e021890a64e075,,
0x0000000000017940,16,core::slice::<impl [T]>::as_ptr::h52244c0c98f48349,,
0x0000000000018670,16,cpuio::Port<T>::new::h74d25e8cc85abce5,,
0x0000000000018720,16,core::mem::size_of::h17d94d8d424ee466,,
0x0000000000018990,16,core::iter::traits::iterator::Iterator::try_for_each::call::h5e12af75a7cf6f90,,
0x00000000000189f0,16,core::iter::traits::iterator::Iterator::any::check::h740299abee997446,,
0x0000000000018ab0,16,core::cmp::impls::<impl core::cmp::PartialEq for ()>::eq::h139b6c3150ba7f8e,,
0x0000000000018c00,16,core::slice::<impl [T]>::as_mut_ptr::h52b5d9b9365e74f1,,
0x00000000000191f0,16,x86_64::structures::paging::page_table::PageTableFlags::contains::heef544974a3dd912,,
0x0000000000019220,16,core::mem::size_of::h50e0f900d93b3135,,
0x0000000000019240,16,core::mem::size_of::h83c51460806b1fd2,,
0x0000000000019260,16,core::mem::size_of::hb30ee1b5bb0f7d06,,
0x00000000000198d0,16,x86_64::registers::rflags::RFlags::contains::h3409bc3e3f674efc,,
0x0000000000019b90,16,core::slice::<impl [T]>::as_ptr::h29aa8152b6f0b763,,
0x0000000000019c80,16,<I as core::iter::traits::collect::IntoIterator>::into_iter::h55d5d9839233c4b9,,
0x000000000001a210,16,x86_64::structures::paging::mapper::mapped_page_table::PageTableWalker<P>::new::h4d89089b506cd0d1,,
0x000000000001b3a0,16,<x86_64::structures::idt::PageFaultErrorCode as <x86_64::structures::idt::PageFaultErrorCode as core::fmt::Debug>::fmt::__BitFlags>::PROTECTION_VIOLATION::h4c407e054d36a3e5,,
0x000000000001b410,16,<x86_64::structures::idt::PageFaultErrorCode as <x86_64::structures::idt::PageFaultErrorCode as core::fmt::Debug>::fmt::__BitFlags>::CAUSED_BY_WRITE::h7834a27bc2141c5d,,
0x000000000001b480,16,<x86_64::structures::idt::PageFaultErrorCode as <x86_64::structures::idt::PageFaultErrorCode as core::fmt::Debug>::fmt::__BitFlags>::USER_MODE::h17180dd8a699b8bc,,
0x000000000001b4f0,16,<x86_64::structures::idt::PageFaultErrorCode as <x86_64::structures::idt::PageFaultErrorCode as core::fmt::Debug>::fmt::__BitFlags>::MALFORMED_TABLE::hd3d7f5bfc1096229,,
0x000000000001b560,16,<x86_64::structures::idt::PageFaultErrorCode as <x86_64::structures::idt::PageFaultErrorCode as core::fmt::Debug>::fmt::__BitFlags>::INSTRUCTION_FETCH::h2ce788476273018a,,
0x000000000001d850,16,core::mem::size_of::h1beeb2dccb955fb9,,
0x000000000001d870,16,core::mem::size_of::h3843e832d310e36b,,
0x000000000001d890,16,core::mem::size_of::h3b9d2fe91d8a046c,,
0x000000000001d8b0,16,core::mem::size_of::h7998da82c253dee7,,
0x000000000001dea0,16,core::ptr::write::h566edec9adee978b,,
0x000000000001dfa0,16,core::mem::size_of::h2d26601f06cc6564,,
0x000000000001dfc0,16,core::mem::size_of::h39e3965cfe4ed3fd,,
0x000000000001dfe0,16,core::mem::size_of::h4eccc0735e51e9f1,,
0x000000000001e000,16,core::mem::size_of::ha65c3ef2a9c64c31,,
0x000000000001e020,16,core::mem::size_of::hd534cb27f78860d6,,
0x000000000001e040,16,core::mem::align_of::h3d4b52e0644dfae5,,
0x000000000001e060,16,core::mem::align_of::h58fb6b483641ac0f,,
0x000000000001e080,16,core::mem::align_of::hcfe0c29c7b1ed41d,,
0x000000000001e0a0,16,core::ptr::non_null::NonNull<T>::new_unchecked::hca149e62f8c8d7cc,,
0x000000000001ff30,16,core::sync::atomic::strongest_failure_ordering::h67e7c2111f49cc17,,
0x00000000000207e0,16,core::option::Option<T>::is_some::he345efe8dde79970,,
0x0000000000020910,16,core::num::NonZeroUsize::new_unchecked::h4b09ff6e5674b31d,,
0x00000000000122d0,12,core::char::convert::from_u32_unchecked::hce55362a51e5de9a,,
0x00000000000047e0,8,<I as core::iter::traits::collect::IntoIterator>::into_iter::h255285ebdb6d17f8,,
0x0000000000004ed0,8,core::alloc::Layout::size::h7537fb943ecca621,,
0x0000000000005e00,8,<alloc::raw_vec::RawVec<T,A> as core::ops::drop::Drop>::drop::h71fe4855e02af2a7,
0x00000000000062d0,8,core::ptr::unique::Unique<T>::as_ptr::h246e1fc32e872400,,
0x0000000000006300,8,core::ptr::unique::Unique<T>::as_ptr::h70826a4f1c5c1f25,,
0x0000000000006e70,8,core::ptr::real_drop_in_place::h0820f933ffd94d6f,,
0x0000000000006e80,8,core::ptr::real_drop_in_place::h0ccfa212bfca52de,,
0x0000000000006ea0,8,core::ptr::real_drop_in_place::h16cdbedce96c5ce4,,
0x0000000000006eb0,8,core::ptr::real_drop_in_place::h46621d947a550f38,,
0x0000000000006ec0,8,core::ptr::real_drop_in_place::h4a3dab9bc24b8133,,
0x0000000000006ed0,8,core::ptr::real_drop_in_place::h66eee49a0b6102ad,,
0x0000000000007100,8,core::ptr::non_null::NonNull<T>::as_ptr::h524abffd6e4f4c98,,
0x0000000000007110,8,core::ptr::non_null::NonNull<T>::as_ptr::h80a2958ede64b91e,,
0x0000000000007200,8,<x86_64::addr::VirtAddr as core::clone::Clone>::clone::hcf8d8513cfe0cdf3,,
0x0000000000007830,8,core::num::NonZeroUsize::get::ha1666ef143e2a71d,,
0x00000000000090b0,8,<core::marker::PhantomData<T> as core::clone::Clone>::clone::h505967b1a41cdd56,,
0x00000000000094e0,8,<core::result::Result<T,E> as core::ops::try::Try>::from_error::hc2757110bc6b0f99,
0x0000000000009a80,8,core::mem::drop::ha152185d37797f36,,
0x0000000000009a90,8,core::mem::drop::he8500297624d5fb2,,
0x0000000000009ee0,8,<T as core::convert::From<T>>::from::h01a544d8709a278d,,
0x000000000000b450,8,blog_os::hlt_loop::hc2b4d684869741e9,,
0x000000000000bbd0,8,<spin::mutex::MutexGuard<T> as core::ops::deref::DerefMut>::deref_mut::h165b248fa1ff0c73,,
0x000000000000bbe0,8,<spin::mutex::MutexGuard<T> as core::ops::deref::DerefMut>::deref_mut::h1cf37a670d5fdc04,,
0x000000000000bbf0,8,<spin::mutex::MutexGuard<T> as core::ops::deref::DerefMut>::deref_mut::hf95c89e0ecc0eee8,,
0x000000000000bf40,8,<I as core::iter::traits::collect::IntoIterator>::into_iter::h7e410d323fc4e3e4,,
0x000000000000c620,8,<T as core::convert::From<T>>::from::h83e6abe7c2dc7c14,,
0x000000000000c690,8,core::num::NonZeroUsize::get::h38044e6409d2ce0a,,
0x000000000000df60,8,core::clone::impls::<impl core::clone::Clone for u64>::clone::h64b66fa4d7b0fcef,,
0x000000000000e390,8,core::sync::atomic::spin_loop_hint::hc9be0423be5f3ddc,,
0x000000000000f4d0,8,core::cell::UnsafeCell<T>::get::h17b8f80824c28734,,
0x000000000000f4e0,8,core::cell::UnsafeCell<T>::get::h3f0f346b1bb4df57,,
0x000000000000f4f0,8,core::cell::UnsafeCell<T>::get::h4b103f0ce36ef1a7,,
0x000000000000f500,8,core::cell::UnsafeCell<T>::get::h8d97d0eb117af529,,
0x000000000000f510,8,core::cell::UnsafeCell<T>::get::h9f501cd3be96ec54,,
0x000000000000f520,8,core::cell::UnsafeCell<T>::get::hddf05515082d668e,,
0x000000000000f530,8,core::cell::UnsafeCell<T>::get::hf185a5334d44de1e,,
0x000000000000f540,8,core::cell::UnsafeCell<T>::get::hfa274cd9b0c68d6c,,
0x000000000000fa50,8,core::ptr::real_drop_in_place::h2b2b650d27953e50,,
0x000000000000fa60,8,core::ptr::real_drop_in_place::h768f32b36217aa12,,
0x000000000000fa70,8,core::ptr::real_drop_in_place::h7c323a70fbb2993e,,
0x000000000000fa80,8,core::ptr::real_drop_in_place::h87f178e505450e12,,
0x000000000000fa90,8,core::ptr::real_drop_in_place::h8ce92a043df7ba0b,,
0x000000000000fab0,8,core::ptr::real_drop_in_place::hbcbd70acff0efaa9,,
0x000000000000fac0,8,core::ptr::real_drop_in_place::hc56113fa853c05d0,,
0x000000000000fad0,8,core::ptr::real_drop_in_place::hc62f51888945fa02,,
0x00000000000105c0,8,pc_keyboard::Keyboard<T,S>::clear::h0f27caa02951fb9e,
0x0000000000011930,8,blog_os::vga_buffer::_print::hfe01aaf803b07903,,
0x0000000000011ac0,8,<T as core::convert::From<T>>::from::h9533db9015f92704,,
0x0000000000012340,8,core::alloc::Layout::size::hd16ea2fab0f1bbd3,,
0x0000000000012680,8,core::clone::impls::<impl core::clone::Clone for u8>::clone::h3aa021676e0e8c2a,,
0x00000000000126d0,8,cast::_64::<impl cast::From<usize> for u64>::cast::h52742b1a4ce1ba0b,,
0x0000000000012c60,8,bootloader::bootinfo::memory_map::MemoryMap::next_entry_index::h82071e9408e6f4ea,,
0x0000000000012f40,8,<T as core::convert::From<T>>::from::hea4d55213613c852,,
0x0000000000014110,8,<core::result::Result<T,E> as core::ops::try::Try>::into_result::hcdc0154502ffb8c9,
0x00000000000141e0,8,pc_keyboard::Modifiers::is_shifted::he6dfc01454016e14,,
0x0000000000015bb0,8,<pc_keyboard::DecodeState as core::clone::Clone>::clone::h41fa1c38e6ac1330,,
0x0000000000017740,8,<T as core::convert::Into<U>>::into::h36aea510283f5785,,
0x00000000000179e0,8,pic8259_simple::Pic::end_of_interrupt::h2f917200792fe889,,
0x0000000000017be0,8,pic8259_simple::ChainedPics::initialize::{{closure}}::haeaa53a144c74edd,,
0x0000000000018740,8,<core::iter::LoopState<C,B> as core::ops::try::Try>::from_error::h83cdca21ba6a17b8,
0x00000000000187f0,8,<core::iter::LoopState<C,B> as core::ops::try::Try>::from_ok::h18e28d1281c1e458,
0x0000000000018aa0,8,<T as core::convert::From<T>>::from::h410f9197d2f7a193,,
0x0000000000018ad0,8,<u8 as cpuio::InOut>::port_in::hf9670437b4be0abc,,
0x0000000000018af0,8,<u8 as cpuio::InOut>::port_out::h513735c21c867b27,,
0x0000000000018d30,8,x86_64::structures::paging::page_table::PageTableEntry::is_unused::h109aa0323bc1987f,,
0x0000000000018d50,8,x86_64::structures::paging::page_table::PageTableEntry::set_unused::hb07cbfe3fc391795,,
0x0000000000019180,8,x86_64::structures::paging::page_table::PageTableFlags::all::hdc107fed52b0af7c,,
0x00000000000191a0,8,x86_64::structures::paging::page_table::PageTableFlags::bits::hf1ecbe104b97cce0,,
0x00000000000196a0,8,cast::_64::<impl cast::From<u64> for usize>::cast::hef4a9123c17e7b1b,,
0x00000000000196b0,8,cast::_64::<impl cast::From<usize> for u64>::cast::hc44d8ecfc18639bf,,
0x0000000000019760,8,core::ptr::real_drop_in_place::h12724a36a041757f,,
0x0000000000019770,8,core::ptr::real_drop_in_place::h6b606ebcacd8a24e,,
0x0000000000019780,8,core::ptr::real_drop_in_place::h9d9006bd50b6d19d,,
0x0000000000019790,8,core::ptr::real_drop_in_place::hc6fc8322b1de0ee2,,
0x00000000000197a0,8,core::ptr::real_drop_in_place::hc95516aa0bd0759a,,
0x00000000000197b0,8,core::ptr::real_drop_in_place::hcaee2a970d36b8f8,,
0x0000000000019820,8,x86_64::registers::rflags::x86_64::read_raw::h779da97536b290c5,,
0x0000000000019870,8,x86_64::structures::paging::frame::PhysFrame<S>::start_address::h5aece5ee979f402a,,
0x0000000000019880,8,x86_64::registers::rflags::RFlags::all::hf72dfa6e0c6846f6,,
0x0000000000019c10,8,<T as core::convert::From<T>>::from::h2fb494ce56cdbcf7,,
0x0000000000019ea0,8,x86_64::instructions::tables::lgdt::h75f10d29cd7848eb,,
0x0000000000019eb0,8,x86_64::instructions::tables::lidt::h10b5fc96afacc044,,
0x0000000000019f00,8,x86_64::structures::paging::page::Page<S>::start_address::h19ff9148ffe3e2c1,,
0x000000000001b690,8,x86_64::registers::control::Cr3Flags::all::h264425c4117dac87,,
0x000000000001b6e0,8,x86_64::structures::gdt::SegmentSelector::new::h04d32232f5e4e82a,,
0x000000000001bd00,8,x86_64::structures::gdt::DescriptorFlags::bits::h00c38eedf9ac2484,,
0x000000000001bee0,8,x86_64::addr::VirtAddr::zero::h475039537173c34b,,
0x000000000001bef0,8,x86_64::addr::VirtAddr::as_u64::h859d55f6ccd73a75,,
0x000000000001c5f0,8,x86_64::addr::PhysAddr::as_u64::h61866aa6de9c849e,,
0x000000000001c900,8,<core::result::Result<T,E> as core::ops::try::Try>::from_error::haa94beb16791cc7a,
0x000000000001d8d0,8,ux::u9::new::h7a752c31e232ffd4,,
0x000000000001d950,8,<T as core::convert::From<T>>::from::hd61d1e598f021d3b,,
0x000000000001d960,8,ux::conversion::<impl core::convert::From<ux::u9> for u16>::from::hb93a9516b0ab91fb,,
0x000000000001e110,8,core::ptr::non_null::NonNull<T>::as_ptr::h0dede19c5455088b,,
0x000000000001e120,8,core::cell::UnsafeCell<T>::get::h119c79cdc09ec4ca,,
0x000000000001e130,8,core::cell::UnsafeCell<T>::get::hd1a7f08e5f121d57,,
0x000000000001e3f0,8,<linked_list_allocator::LockedHeap as core::ops::deref::Deref>::deref::h6872b4bb3e3cb600,,
0x000000000001f7c0,8,linked_list_allocator::hole::move_helper::h2d47ee47ed68b049,,
0x000000000001f7d0,8,core::ptr::real_drop_in_place::h43622481c8bcf71a,,
0x000000000001f7e0,8,core::ptr::real_drop_in_place::haa64d1a11e076c8e,,
0x000000000001fb40,8,core::sync::atomic::spin_loop_hint::h2426e0e1d382de8a,,
0x0000000000020900,8,<core::option::Option<T> as core::default::Default>::default::h45e503c7c1d82cb3,,
0x0000000000020930,8,core::num::NonZeroUsize::get::hd416ecb6612bf4aa,,
0x0000000000020bb0,8,<spin::mutex::MutexGuard<T> as core::ops::deref::DerefMut>::deref_mut::h497817fa0f535485,,
0x0000000000020f60,8,core::alloc::Layout::size::h900cdfc2ee5e93a9,,
0x0000000000020fa0,8,<core::alloc::Layout as core::clone::Clone>::clone::h79b0ecae20c0a3b2,,
0x00000000000210d0,8,core::cell::UnsafeCell<T>::get::hce6117e890c76ff7,,
0x00000000000060e0,6,core::option::Option<T>::unwrap_or::hc1e6381e8ab21c04,,
0x0000000000011040,4,x86_64::instructions::port::<impl x86_64::structures::port::PortRead for u8>::read_from_port::h69b8bdf620f4edee,,
0x00000000000111d0,4,blog_os::vga_buffer::ColorCode::new::h18595dd358ea8b4c,,
0x0000000000018b10,4,cpuio::x86::inb::hc93c3d7af557936f,,
0x0000000000018b30,4,cpuio::x86::outb::hc8ebbd70fdce8b5a,,
0x0000000000019df0,4,x86_64::instructions::segmentation::cs::hec5196df188887bb,,
0x0000000000009490,2,<core::result::Result<T,E> as core::ops::try::Try>::from_error::h71e3920785091b21,
0x0000000000010300,2,x86_64::instructions::tables::load_tss::h103d0bd53861b521,,
0x0000000000019400,2,core::num::<impl core::convert::From<u16> for u64>::from::h1cedb1ac02d99ce5,,
0x0000000000019680,2,cast::_64::<impl cast::From<u16> for usize>::cast::h821788b4ba55afcd,,
0x000000000001a080,2,x86_64::structures::paging::mapper::mapped_page_table::<impl core::convert::From<x86_64::structures::paging::mapper::mapped_page_table::PageTableCreateError> for x86_64::structures::paging::mapper::MapToError>::from::h10e16b296ddcc6c7,,
0x000000000001a310,2,<x86_64::structures::paging::mapper::mapped_page_table::PageTableWalkError as core::convert::From<x86_64::structures::paging::page_table::FrameError>>::from::h1b2add2c2a49a914,,
0x000000000001d930,2,<T as core::convert::From<T>>::from::hd0373c0852c9495c,,
0x000000000001e140,2,core::cell::UnsafeCell<T>::new::h576c7fab3bc8d5d8,,
0x0000000000006780,1,<T as core::convert::From<T>>::from::h21dfd843c5a70dac,,
0x0000000000009470,1,<core::result::Result<T,E> as core::ops::try::Try>::from_error::h6ef0e7f6c3bee2a9,
0x00000000000094f0,1,<core::result::Result<T,E> as core::ops::try::Try>::from_error::hd249350d1a3f39c6,
0x0000000000009f50,1,<T as core::convert::From<T>>::from::h15d0681084d7a967,,
0x000000000000c900,1,core::num::<impl core::convert::From<u8> for usize>::from::h88f5b5003ca8d21f,,
0x000000000000c920,1,blog_os::interrupts::InterruptIndex::as_u8::ha6ce9b06852e7b4d,,
0x0000000000014130,1,<T as core::convert::From<T>>::from::h6b919785b48e594a,,
0x0000000000017760,1,core::char::convert::<impl core::convert::From<u8> for char>::from::hb1217f471aa03c61,,
0x000000000001c8e0,1,<core::result::Result<T,E> as core::ops::try::Try>::from_error::h3668c0d17314cf45,
0x000000000001c920,1,<core::result::Result<T,E> as core::ops::try::Try>::into_result::h3ebc2f39c939a063,
0x0000000000007870,0,core::num::<impl u32>::max_value::h3a6d3a34790a45be,,
0x0000000000007b60,0,core::num::<impl usize>::max_value::hf8b970c18da267a4,,
0x0000000000007d30,0,<I as core::iter::traits::collect::IntoIterator>::into_iter::h7de62fa3a9b80dce,,
0x0000000000009510,0,<core::result::Result<T,E> as core::ops::try::Try>::into_result::h66921750299e12d2,
0x0000000000009530,0,<core::result::Result<T,E> as core::ops::try::Try>::into_result::h84e76ddc8ed323a5,
0x0000000000009550,0,<core::result::Result<T,E> as core::ops::try::Try>::into_result::h8b35b3de78f7b45b,
0x0000000000009590,0,<core::result::Result<T,E> as core::ops::try::Try>::into_result::h8f3bb97c75a3ffcf,
0x00000000000095b0,0,<core::result::Result<T,E> as core::ops::try::Try>::into_result::h9e86c78463b8464b,
0x00000000000095d0,0,<core::result::Result<T,E> as core::ops::try::Try>::into_result::had5554376e20fa13,
0x000000000000a2f0,0,__rust_alloc,,
0x000000000000a300,0,__rust_dealloc,,
0x000000000000a310,0,__rust_realloc,,
0x000000000000b700,0,x86_64::instructions::hlt::hd1197870e07ecdd1,,
0x000000000000bf50,0,<I as core::iter::traits::collect::IntoIterator>::into_iter::h83c729c9efb87241,,
0x000000000000c8f0,0,core::num::<impl usize>::max_value::h3f919aea319119cf,,
0x000000000000fae0,0,core::hint::unreachable_unchecked::h9339fa6e97724306,,
0x000000000000faf0,0,core::hint::spin_loop::h431086370b1b8ccb,,
0x0000000000012380,0,x86_64::instructions::interrupts::enable::h586db4de9a95da33,,
0x0000000000012390,0,x86_64::instructions::interrupts::disable::h23d164eddc93a837,,
0x0000000000012a20,0,core::ptr::null::hddc6bf7e94d80ed4,,
0x00000000000136a0,0,core::ptr::null::h2aad4518c40009ff,,
0x0000000000014070,0,core::num::<impl usize>::max_value::h9e6a1f7fe6eea4ca,,
0x0000000000018660,0,core::ptr::null::h95c8d037fef5cdf5,,
0x0000000000019280,0,core::num::<impl u16>::max_value::h78f4680fde208fca,,
0x000000000001a070,0,core::ptr::null_mut::h151d3adde39c5398,,
0x000000000001c940,0,<core::result::Result<T,E> as core::ops::try::Try>::into_result::habbdd011ae854c73,
0x000000000001de10,0,core::ptr::null::he70bac77f4382af7,,
0x000000000001def0,0,core::ptr::null_mut::h1631e9cb60fb9155,,
0x000000000001f7f0,0,core::hint::spin_loop::h5536a44862d59347,,
