Address,Size,Function,,
0x000000000000ad90,8280,spin::once::Once<T>::call_once::h51bca0b20078dc27,,
0x0000000000022100,4200,x86_64::structures::idt::InterruptDescriptorTable::new::hd32c5c9dadb04897,,
0x000000000001a830,4184,core::ops::function::FnOnce::call_once::hee973ff0694526b7,,
0x000000000001aa40,2776,<pc_keyboard::KeyCode as core::fmt::Debug>::fmt::hda7c4f2f9fb20e82,,
0x0000000000006ee0,1304,blog_os::kernel_main::hc3a3a2c983130cd8,,
0x0000000000003960,832,blog_os::interrupts::page_fault_handler::h204c58ca3e079357,,
0x0000000000013900,728,core::fmt::Formatter::pad::h627264a917b3c4e5,,
0x0000000000012cc0,680,core::fmt::write::h801a5942bd4f2d29,,
0x000000000000f530,664,core::str::slice_error_fail::h47952a95b7854545,,
0x00000000000091e0,584,alloc::raw_vec::RawVec<T,A>::reserve_internal::hd4e99595f603af87,
0x000000000000fd60,568,core::fmt::num::<impl core::fmt::Debug for usize>::fmt::ha2da74a7ad1a2c44,,
0x00000000000150b0,568,<&T as core::fmt::Debug>::fmt::h4575bd3090a35f3e,,
0x0000000000010b80,552,<&T as core::fmt::Debug>::fmt::heaf94685e2f3bcd0,,
0x000000000000e3d0,536,<core::slice::Iter<T> as core::iter::traits::iterator::Iterator>::try_fold::h4ad520a84f3bed29,,
0x0000000000018400,520,linked_list_allocator::hole::split_hole::h8cd04869f63b184f,,
0x0000000000012310,504,core::fmt::Formatter::pad_integral::hf0b4b738c73256c9,,
0x0000000000015820,504,<core::fmt::builders::PadAdapter as core::fmt::Write>::write_str::h5637cd67c85736d2,,
0x000000000001ebf0,504,<core::slice::Iter<T> as core::iter::traits::iterator::Iterator>::try_fold::h8ea3f595a042de20,,
0x000000000001d1f0,424,<pc_keyboard::layouts::Us104Key as pc_keyboard::KeyboardLayout>::map_keycode::h6e26a033f41db83f,,
0x0000000000003f60,392,blog_os::interrupts::keyboard_interrupt_handler::h31ae3e37d03c3286,,
0x000000000000c610,392,blog_os::allocator::init_heap::h79c3e04e2732fc4d,,
0x0000000000006510,376,x86_64::structures::paging::mapper::mapped_page_table::MappedPageTable<P>::map_to_4kib::h1a4fa30c2dd68e2f,,
0x0000000000011510,376,core::slice::memchr::memchr::ha978feab483e290f,,
0x0000000000015ec0,376,core::fmt::builders::DebugStruct::field::h307ed9a17e0d136a,,
0x0000000000022740,376,<x86_64::structures::idt::InterruptDescriptorTable as core::ops::index::IndexMut<usize>>::index_mut::h8be3ee8b7c0a3bca,,
0x0000000000024350,360,x86_64::addr::PhysAddr::new::h522f2b79cdffd437,,
0x00000000000163a0,328,core::fmt::builders::DebugTuple::field::haceb425ad3702917,,
0x00000000000205c0,312,core::char::methods::<impl char>::encode_utf8::h6074fd8d30833191,,
0x000000000000b650,296,spin::once::Once<T>::call_once::he11905dbe571be8d,,
0x00000000000111f0,296,<core::panic::PanicInfo as core::fmt::Display>::fmt::h29f0657aa36d80a2,,
0x0000000000017df0,296,linked_list_allocator::hole::deallocate::hec70be14c3a8c7c3,,
0x0000000000003d70,288,blog_os::interrupts::double_fault_handler::hc7d5cef9d4dbb6b4,,
0x0000000000003830,280,blog_os::interrupts::breakpoint_handler::h34d1ce3c11578d06,,
0x0000000000005a10,280,blog_os::memory::BootInfoFrameAllocator::usable_frames::h1c5c945ba5592770,,
0x0000000000017bb0,280,linked_list_allocator::hole::allocate_first_fit::h802cd350d750846b,,
0x000000000001a6e0,280,core::ops::function::FnOnce::call_once::hddea04e91c2cc9a7,,
0x0000000000004b40,264,<core::iter::adapters::flatten::FlattenCompat<I,U> as core::iter::traits::iterator::Iterator>::next::h918272962cca734b,
0x000000000000ece0,264,core::fmt::num::<impl core::fmt::UpperHex for i32>::fmt::h2303c95053b5b17c,,
0x000000000000ee50,264,core::fmt::num::<impl core::fmt::LowerHex for i64>::fmt::hc1c94fab8b0d61ff,,
0x000000000000efd0,264,core::fmt::num::<impl core::fmt::UpperHex for i64>::fmt::h40d389384752d7b9,,
0x0000000000011cf0,264,core::unicode::printable::check::h7bcb975d7457727c,,
0x000000000001a140,264,core::result::Result<T,E>::map::h37bb0489642d86b8,
0x0000000000005570,248,core::ptr::swap_nonoverlapping_bytes::h18d89dce259958f1,,
0x0000000000008460,248,core::ptr::swap_nonoverlapping_bytes::h75901089d69fbb7f,,
0x000000000000b410,248,spin::once::Once<T>::call_once::hd86b9d8a2726fd3a,,
0x000000000000d210,248,<u64 as bit_field::BitField>::set_bits::h47a415b9b506e3e8,,
0x000000000000dc20,248,core::ptr::swap_nonoverlapping_bytes::h3ff657ff954c764a,,
0x0000000000014810,248,<char as core::fmt::Debug>::fmt::h4e37e5035d5fc633,,
0x0000000000018a20,248,core::ptr::swap_nonoverlapping_bytes::he9050f57306ddb63,,
0x0000000000023bf0,232,x86_64::structures::gdt::Descriptor::tss_segment::h0619813c16a82535,,
0x0000000000008910,216,core::sync::atomic::atomic_compare_exchange::h3369ca20c0f04642,,
0x000000000000bc60,216,blog_os::vga_buffer::Writer::new_line::hcea22d6c3887be30,,
0x0000000000023170,216,<x86_64::structures::idt::PageFaultErrorCode as core::fmt::Debug>::fmt::ha6c8a6009a8fb287,,
0x0000000000006dc0,200,rust_begin_unwind,,
0x0000000000007790,200,core::alloc::Layout::repeat::hd80cb74913e07458,,
0x000000000000f2b0,200,core::fmt::num::imp::<impl core::fmt::Display for u64>::fmt::ha69aa098b82becf9,,
0x0000000000010400,200,core::fmt::num::imp::<impl core::fmt::Display for u32>::fmt::hca1f9c47535ecdfc,,
0x0000000000012090,200,core::fmt::ArgumentV1::show_usize::h77c12ca414192f73,,
0x0000000000003ea0,184,blog_os::interrupts::timer_interrupt_handler::hde93c8eda1b95778,,
0x00000000000068d0,184,x86_64::structures::paging::mapper::mapped_page_table::PageTableWalker<P>::create_next_table::h6d67468718f9ecf3,,
0x0000000000009e90,168,pc_keyboard::Keyboard<T,S>::add_byte::hce086417d9d42ea6,
0x000000000000cab0,168,<u16 as bit_field::BitField>::set_bits::hdc42aa85fb6c429c,,
0x0000000000019560,168,core::sync::atomic::atomic_compare_exchange::h123c7dff32a5c6a2,,
0x0000000000021560,168,x86_64::structures::tss::TaskStateSegment::new::h0c6c54dd08aba21c,,
0x0000000000022cb0,168,<x86_64::structures::idt::InterruptStackFrameValue as core::fmt::Debug>::fmt::h11689f2e53ca0424,,
0x0000000000009740,152,alloc::raw_vec::RawVec<T,A>::amortized_new_size::hf48a74cc4048d775,
0x0000000000010690,152,<core::alloc::Layout as core::fmt::Debug>::fmt::h9abd53559276c4df,,
0x000000000001a5f0,152,core::ops::function::FnOnce::call_once::h93cf1a9510e734a2,,
0x0000000000005970,136,<blog_os::memory::BootInfoFrameAllocator as x86_64::structures::paging::frame_alloc::FrameAllocator<x86_64::structures::paging::page::Size4KiB>>::allocate_frame::h8a7851677ce718f6,,
0x000000000000b1d0,136,spin::once::Once<T>::call_once::h822cd16f859954ae,,
0x000000000000d010,136,<u64 as bit_field::BitField>::get_bits::h54dcb63ca6e9b958,,
0x00000000000109d0,136,<core::num::TryFromIntError as core::fmt::Debug>::fmt::hc0dc7224abf98a48,,
0x0000000000021fe0,136,x86_64::structures::paging::mapper::mapped_page_table::PageTableWalker<P>::next_table_mut::h36b1b89fab3ea31e,,
0x0000000000022ea0,136,<<x86_64::structures::idt::InterruptStackFrameValue as core::fmt::Debug>::fmt::Hex as core::fmt::Debug>::fmt::h14e78fef807e0cec,,
0x0000000000004d60,120,core::iter::traits::iterator::Iterator::map::hd1c5dda3b9bad696,,
0x0000000000004db0,120,core::iter::adapters::flatten::FlatMap<I,U,F>::new::h081ebbda5f6897db
0x0000000000006240,120,rust_oom,,
0x000000000000bf40,120,blog_os::vga_buffer::Writer::clear_row::h4bc42b99f4ef97cf,,
0x0000000000010860,120,<core::alloc::LayoutErr as core::fmt::Debug>::fmt::hd5c2478a35a1ae38,,
0x0000000000011480,120,core::result::unwrap_failed::h4cfa9807cb83760a,,
0x00000000000171c0,120,core::result::Result<T,E>::map::h5a1d7aa65cdf09ea,
0x0000000000017b20,120,linked_list_allocator::hole::HoleList::allocate_first_fit::h970d66a4431a79a7,,
0x000000000001c620,120,<pc_keyboard::scancodes::ScancodeSet1 as pc_keyboard::ScancodeSet>::map_scancode::h9b88f198796240ba,,
0x000000000001e9f0,120,core::iter::adapters::Map<I,F>::new::h4826d4da5444f08c,
0x000000000001f9c0,120,<core::iter::LoopState<C,B> as core::cmp::PartialEq>::eq::h48c21cb7850ea7de,
0x000000000001fea0,120,core::sync::atomic::AtomicUsize::compare_and_swap::h38be2cb5b43cd823,,
0x0000000000021ea0,120,<x86_64::structures::paging::mapper::MapToError as core::fmt::Debug>::fmt::h5a7aaed5f5d4f8b4,,
0x0000000000023e30,120,<x86_64::addr::VirtAddr as core::fmt::Debug>::fmt::ha9f4e09d01426876,,
0x0000000000008fa0,104,blog_os::vga_buffer::_print::{{closure}}::h74c08258458b7c00,,
0x000000000000a4d0,104,core::option::Option<T>::map::h757788c031e438f6,,
0x000000000000afe0,104,spin::once::Once<T>::call_once::h534194cfa1103964,,
0x000000000000f150,104,core::panicking::panic_bounds_check::h20726f157b6869dc,,
0x000000000000f230,104,core::panicking::panic::hc0202a47db803efb,,
0x0000000000011bf0,104,core::slice::slice_index_order_fail::h9747ccccaa5915e6,,
0x0000000000011c70,104,core::slice::slice_index_len_fail::hdc601f36b206e3c9,,
0x0000000000017a20,104,linked_list_allocator::hole::HoleList::new::h29965060f5730d00,,
0x000000000001e800,104,core::iter::traits::iterator::Iterator::nth::hc50633c682011e01,,
0x000000000001f460,104,pic8259_simple::ChainedPics::initialize::h55a645588fff9595,,
0x0000000000023870,104,x86_64::structures::gdt::GlobalDescriptorTable::new::h27ace8be81cc87a9,,
0x00000000000045d0,88,<x86_64::structures::paging::page::Page<S> as core::ops::arith::Add<u64>>::add::h71c51e28b69b6b62,,
0x0000000000005e20,88,core::alloc::GlobalAlloc::realloc::h96cf14ec8ec6016c,,
0x0000000000006490,88,<x86_64::structures::paging::mapper::mapped_page_table::MappedPageTable<P> as x86_64::structures::paging::mapper::Mapper<x86_64::structures::paging::page::Size4KiB>>::map_to::h3cc2b1091d99bf01,,
0x0000000000007b10,88,alloc::slice::hack::into_vec::h44e5f12baebe242e,,
0x0000000000008e80,88,core::fmt::Write::write_fmt::h78f059f285565dbf,,
0x0000000000009bd0,88,pc_keyboard::Keyboard<T,S>::process_keyevent::h792a293de4135605,
0x000000000000a400,88,core::option::Option<T>::map::h739a481388742b2a,,
0x000000000000aad0,88,spin::mutex::Mutex<T>::new::h98c5dedd05a219a5,,
0x000000000000bae0,88,blog_os::vga_buffer::Writer::write_byte::hdeaf9af5241d3045,,
0x00000000000138a0,88,<core::fmt::Arguments as core::fmt::Display>::fmt::h2d51d80ef85afbf0,,
0x0000000000016920,88,core::fmt::Write::write_fmt::h2c27b4b97878e836,,
0x0000000000016ae0,88,<&mut W as core::fmt::Write>::write_fmt::h33736cdaa050c239,,
0x0000000000016b40,88,core::unicode::bool_trie::BoolTrie::lookup::hb3de6364663327b5,,
0x0000000000018fc0,88,linked_list_allocator::Heap::allocate_first_fit::h896bd9b5620f8f06,,
0x00000000000191a0,88,linked_list_allocator::Heap::deallocate::hade92f246914764e,,
0x000000000001a430,88,<x86_64::structures::paging::mapper::offset_page_table::OffsetPageTable as x86_64::structures::paging::mapper::Mapper<x86_64::structures::paging::page::Size4KiB>>::map_to::h4000dfdee9ace89a,,
0x0000000000020050,88,core::slice::<impl [T]>::iter::hab1f714b989aace4,,
0x0000000000004e10,80,core::iter::adapters::flatten::FlattenCompat<I,U>::new::he465ee45f91444da,
0x0000000000005ff0,80,<core::cmp::Ordering as core::cmp::PartialEq>::eq::hb04edf561c4d7431,,
0x0000000000004480,72,<x86_64::structures::paging::page::Page<S> as core::cmp::PartialOrd>::le::h11d94261f5b61ac0,,
0x00000000000058d0,72,blog_os::memory::active_level_4_table::h64cdb82044b08c72,,
0x0000000000008f50,72,<&mut W as core::fmt::Write>::write_fmt::h6b110a49398a47a4,,
0x0000000000009160,72,alloc::raw_vec::RawVec<T,A>::reserve::hc0952c4251e2a0b9,
0x00000000000098d0,72,alloc::raw_vec::RawVec<T,A>::dealloc_buffer::had5d2de2333d3197,
0x000000000000ab60,72,spin::mutex::Mutex<T>::new::hb434c3b7a5a73821,,
0x000000000000c0b0,72,blog_os::vga_buffer::Writer::write_string::h1d7ed517b10720d3,,
0x000000000000c200,72,core::str::<impl str>::bytes::h93f427c60bce200d,,
0x000000000000d7e0,72,core::slice::<impl [T]>::iter::h009f33cd4bb0abd8,,
0x000000000000fcd0,72,<core::ops::range::Range<Idx> as core::fmt::Debug>::fmt::h303f431bd100b1d1,,
0x0000000000014670,72,core::fmt::Formatter::write_fmt::h5cc2d60ec05ec212,,
0x0000000000014ef0,72,<char as core::fmt::Display>::fmt::h42f816294fa5de10,,
0x0000000000015790,72,<&T as core::fmt::Display>::fmt::he4201fff40a6b0b8,,
0x00000000000166c0,72,core::fmt::builders::DebugTuple::finish::h191173f2d165d670,,
0x0000000000016e80,72,core::iter::range::<impl core::iter::traits::iterator::Iterator for core::ops::range::Range<A>>::nth::hb454b012595e03a9,,
0x0000000000017330,72,core::result::Result<T,E>::map_err::h4afd7e5aaa892ddc,
0x0000000000017750,72,core::num::<impl usize>::overflowing_mul::he48acb0f011944bb,,
0x000000000001a320,72,core::alloc::Layout::from_size_align::h0c57325b99131b7c,,
0x000000000001a4b0,72,core::alloc::Layout::array::h999e5ab1588bf7ac,,
0x000000000001a590,72,core::alloc::Layout::for_value::hb99d6aaa479699bf,,
0x000000000001a680,72,core::ops::function::FnOnce::call_once::hb6c42ff1a558601f,,
0x000000000001ced0,72,<pc_keyboard::scancodes::ScancodeSet1 as pc_keyboard::ScancodeSet>::map_extended_scancode::ha2ee60cd6c90b356,,
0x000000000001f390,72,core::slice::<impl [T]>::iter::ha0fe1441655db001,,
0x0000000000020e30,72,core::slice::<impl [T]>::iter_mut::hdf1f49a0ee8ddcc8,,
0x0000000000020f20,72,x86_64::structures::paging::page_table::PageTableEntry::frame::hba341fee357fad91,,
0x0000000000023770,72,x86_64::registers::control::x86_64::<impl x86_64::registers::control::Cr3>::read::he1f8fb819b971b06,,
0x00000000000238e0,72,x86_64::structures::gdt::GlobalDescriptorTable::add_entry::h802e0a44d8ee7089,,
0x0000000000023980,72,x86_64::structures::gdt::GlobalDescriptorTable::push::h99e71eaea1e4e7fa,,
0x0000000000023a70,72,x86_64::structures::gdt::GlobalDescriptorTable::load::h8b6c466206cd17f6,,
0x0000000000023f10,72,x86_64::addr::VirtAddr::try_new::h2def37df145058aa,,
0x0000000000024660,72,<x86_64::addr::VirtAddrNotValid as core::fmt::Debug>::fmt::hab7d68a0df11e529,,
0x0000000000005f00,64,core::fmt::Arguments::new_v1_formatted::h02df7cef60ac9f29,,
0x0000000000006cf0,64,<bootloader::bootinfo::memory_map::MemoryRegionType as core::cmp::PartialEq>::eq::h1f9ea6be1ef06d7d,,
0x000000000000c2e0,64,core::option::Option<T>::ok_or::hb489868584aa20e6,,
0x000000000000e2e0,64,core::num::<impl usize>::overflowing_add::h574341c706789127,,
0x0000000000017110,64,core::num::<impl u64>::overflowing_add::hc99e726a6d5f2c5e,,
0x0000000000017690,64,core::num::<impl usize>::overflowing_add::hbd64e0bc896e641c,,
0x0000000000021350,64,core::num::<impl u64>::overflowing_sub::h577dcb0ad2c9c983,,
0x00000000000219d0,64,core::fmt::Arguments::new_v1_formatted::heaee608293812113,,
0x00000000000043e0,56,<x86_64::structures::paging::page::PageRangeInclusive<S> as core::iter::traits::iterator::Iterator>::next::hde9b02a0c081c891,,
0x0000000000004570,56,<x86_64::structures::paging::page::Page<S> as core::ops::arith::AddAssign<u64>>::add_assign::ha762df364c4ca680,,
0x0000000000004810,56,<*const T as core::fmt::Pointer>::fmt::h8e87ad67c899c3a7,,
0x00000000000049a0,56,<*const T as core::fmt::Pointer>::fmt::ha5dfa622b1ee9541,,
0x0000000000005150,56,alloc::vec::Vec<T>::push::ha23e8a47aea16806,,
0x00000000000053f0,56,<u64 as core::iter::range::Step>::add_usize::h0ac339eec8d8271c,,
0x0000000000006360,56,__rg_realloc,,
0x0000000000006b00,56,<x86_64::addr::VirtAddr as core::cmp::PartialOrd>::partial_cmp::hf19295eefbd54691,,
0x0000000000007a80,56,alloc::raw_vec::alloc_guard::hb254322dc53bbf45,,
0x0000000000007cc0,56,alloc::rc::Rc<T>::new::h0c4b23cc92e8090a,,
0x0000000000007db0,56,alloc::rc::RcBoxPtr::inc_strong::h4f5e20b35d346261,,
0x0000000000008120,56,<alloc::alloc::Global as core::alloc::Alloc>::realloc::hec93a3b3a12ac19c,,
0x0000000000008180,56,alloc::alloc::realloc::hcc458b189ebde948,,
0x00000000000081e0,56,alloc::alloc::exchange_malloc::hb29b2ff41120590c,,
0x0000000000008e10,56,core::fmt::Write::write_char::hf241d3c92651ec89,,
0x0000000000009090,56,alloc::raw_vec::RawVec<T,A>::new_in::hba013ec3005006f6,
0x0000000000009a40,56,core::ptr::swap_nonoverlapping::h137d61361e9407fa,,
0x0000000000009b00,56,core::ptr::read::hc1d637d07e0edd09,,
0x000000000000a5c0,56,core::option::Option<T>::map::hbb668e5bd5afc9f0,,
0x000000000000b940,56,core::ptr::swap_nonoverlapping::hc5c93cceef4accc8,,
0x000000000000c3a0,56,core::option::Option<T>::ok_or::he2572c515bda97bd,,
0x000000000000c4e0,56,core::option::Option<T>::ok_or::hf0bcb353bcfe6a15,,
0x000000000000c9c0,56,<u16 as bit_field::BitField>::set_bit::h23e2df12c6009bd1,,
0x000000000000cf60,56,<u64 as bit_field::BitField>::get_bit::h57f117808782013d,,
0x000000000000dbd0,56,core::ptr::swap_nonoverlapping::h7e8cf2e53a83f5ab,,
0x000000000000df20,56,core::ptr::read::h6a1b9bbd89963b9a,,
0x000000000000e080,56,core::iter::range::<impl core::iter::traits::iterator::Iterator for core::ops::range::Range<A>>::next::hf071a47d70c9af71,,
0x000000000000e1d0,56,<core::ops::range::Range<usize> as core::slice::SliceIndex<[T]>>::index::h2285fd0649fc6b80,,
0x000000000000e280,56,core::num::<impl usize>::checked_add::h5e1ab8f6ad4b7d16,,
0x000000000000f1d0,56,core::panicking::panic_fmt::h8ce300837685cd2a,,
0x0000000000012c30,56,core::fmt::Formatter::pad_integral::write_prefix::h1434d96b808a94a9,,
0x00000000000167d0,56,core::fmt::Write::write_char::hbc6bfbcdd4431b22,,
0x0000000000016990,56,<&mut W as core::fmt::Write>::write_char::h56f43410236354f1,,
0x0000000000016f70,56,core::iter::range::<impl core::iter::traits::iterator::Iterator for core::ops::range::Range<A>>::next::h3f2dbb570724849f,,
0x00000000000170b0,56,core::num::<impl u64>::checked_add::h9dd2f0201668bfc8,,
0x0000000000017630,56,core::num::<impl usize>::checked_add::h5208f791d62ee8d0,,
0x00000000000176f0,56,core::num::<impl usize>::checked_mul::hf537e10f0982ce4e,,
0x0000000000017d50,56,linked_list_allocator::hole::HoleList::allocate_first_fit::{{closure}}::h05953b65b54bc427,,
0x0000000000018300,56,linked_list_allocator::hole::HoleList::deallocate::h00236ecece277ae0,,
0x0000000000018360,56,linked_list_allocator::hole::allocate_first_fit::{{closure}}::hc1dc77c4cb0cf98a,,
0x00000000000189d0,56,core::ptr::swap_nonoverlapping::hafeee496da014116,,
0x0000000000018cd0,56,core::ptr::read::hccb8e454aa52f02e,,
0x0000000000019280,56,<linked_list_allocator::LockedHeap as core::alloc::GlobalAlloc>::alloc::ha5de75d14ef7ee84,,
0x0000000000019310,56,<linked_list_allocator::LockedHeap as core::alloc::GlobalAlloc>::dealloc::ha3680427a504348b,,
0x0000000000019380,56,core::sync::atomic::AtomicBool::compare_and_swap::hb28a9345fad25435,,
0x0000000000019b80,56,core::option::Option<T>::map::h9ad9d5b9932c9e01,,
0x0000000000019ce0,56,core::option::Option<T>::map_or::h4b7c4f0ecc6ee660,,
0x0000000000019e60,56,core::option::Option<T>::and_then::h1972d7bb185a96cf,,
0x000000000001a7f0,56,core::ops::function::FnOnce::call_once::heaced0b4dac6fe98,,
0x000000000001c4c0,56,<pc_keyboard::scancodes::ScancodeSet1 as pc_keyboard::ScancodeSet>::advance_state::h9675a5f01a2a6b16,,
0x000000000001e970,56,core::iter::adapters::StepBy<I>::new::h09f59c19f487bc51,,
0x000000000001eb60,56,<core::iter::adapters::Map<I,F> as core::iter::traits::iterator::Iterator>::next::h3bb11507c8e9ab10,
0x000000000001fb50,56,core::iter::traits::iterator::Iterator::any::check::{{closure}}::h8edd1159f35e36e1,,
0x000000000001fc10,56,core::sync::atomic::AtomicBool::compare_and_swap::h91e49e1ff5e33a7c,,
0x0000000000020330,56,core::option::Option<T>::map::hbea5b4f4f0784489,,
0x0000000000020450,56,<core::slice::Iter<T> as core::iter::traits::iterator::Iterator>::next::h7cd3dd04269acd77,,
0x0000000000021110,56,x86_64::structures::paging::page_table::PageTable::zero::hdd82c34c68232875,,
0x00000000000212f0,56,core::num::<impl u64>::checked_sub::hb23da46b248d67d0,,
0x0000000000021b30,56,<core::slice::IterMut<T> as core::iter::traits::iterator::Iterator>::next::hd0911a81ac14a22c,,
0x0000000000022c00,56,x86_64::structures::idt::EntryOptions::set_stack_index::he1932a1aca8b7487,,
0x0000000000023fe0,56,x86_64::addr::VirtAddr::new_unchecked::hc6826dcfc374a0f7,,
0x00000000000246e0,56,core::result::Result<T,E>::expect::h3ef6cc24c8dd4f80,
0x0000000000004690,48,x86_64::structures::paging::page::Page<S>::range_inclusive::hc7cce9e211b37f86,,
0x0000000000004900,48,core::fmt::ArgumentV1::new::hb800f797ec73e612,,
0x0000000000004950,48,core::fmt::ArgumentV1::new::hd38373de8abe145e,,
0x0000000000005bf0,48,core::fmt::ArgumentV1::new::h2da2fa52e6596978,,
0x0000000000005c40,48,core::fmt::ArgumentV1::new::h3860f441abf35ea7,,
0x0000000000005c90,48,core::fmt::ArgumentV1::new::h589f4b38b5dc229a,,
0x0000000000005ce0,48,core::fmt::ArgumentV1::new::h6ba3572b0ce61d26,,
0x0000000000005d30,48,core::fmt::ArgumentV1::new::h72fe9a19444eebdb,,
0x0000000000005d80,48,core::fmt::ArgumentV1::new::h7823151d40da528e,,
0x0000000000005dd0,48,core::fmt::ArgumentV1::new::h993faec92f48129d,,
0x0000000000005f80,48,core::fmt::Arguments::new_v1::ha01fe49bee20ecab,,
0x00000000000082f0,48,core::mem::forget::hc5bc5f91a669a4c5,,
0x0000000000009980,48,core::fmt::Arguments::new_v1::h8154a9cd4fdc1331,,
0x0000000000009b80,48,core::ptr::slice_from_raw_parts_mut::h506b8992ef84c988,,
0x000000000000b880,48,core::ptr::slice_from_raw_parts::h937f5f6791b2e33a,,
0x000000000000ba00,48,core::ptr::slice_from_raw_parts_mut::hb335f3816a4eaeee,,
0x000000000000de60,48,core::ptr::slice_from_raw_parts::h30f413f247bbf6d2,,
0x000000000000e340,48,core::fmt::ArgumentV1::new::h448477e7d0b3198d,,
0x000000000000ec80,48,core::fmt::ArgumentV1::new::ha08e95e3c343331d,,
0x0000000000020c50,48,core::fmt::ArgumentV1::new::h13677a926f3dfb41,,
0x0000000000020ca0,48,core::fmt::ArgumentV1::new::h19b966accba8881e,,
0x0000000000021890,48,core::fmt::ArgumentV1::new::h3873679b96dc88aa,,
0x00000000000218e0,48,core::fmt::ArgumentV1::new::h4359c99cb5d0fe95,,
0x0000000000021930,48,core::fmt::ArgumentV1::new::hd1e15876bbe62d4c,,
0x0000000000021980,48,core::fmt::ArgumentV1::new::hee8b616115129888,,
0x0000000000021a50,48,core::fmt::Arguments::new_v1::hbdb671c24f242bbe,,
0x0000000000004530,40,<x86_64::structures::paging::page::Page<S> as core::clone::Clone>::clone::hb5dade5c9f00b506,,
0x00000000000047d0,40,<&T as core::fmt::Pointer>::fmt::he461eceb94bb2b71,,
0x0000000000004ac0,40,core::alloc::Layout::from_size_align_unchecked::h45e951a7ea1b67d4,,
0x0000000000004f70,40,blog_os::memory::BootInfoFrameAllocator::usable_frames::{{closure}}::h91ad7b79ef0b86c7,,
0x0000000000004fc0,40,core::ops::function::impls::<impl core::ops::function::FnOnce<A> for &mut F>::call_once::hae0a37ad32c1b8bf,,
0x0000000000005000,40,blog_os::memory::BootInfoFrameAllocator::usable_frames::{{closure}}::h6e423037e4743fb8,,
0x0000000000005040,40,core::ops::function::impls::<impl core::ops::function::FnOnce<A> for &mut F>::call_once::hbe5cde524c466283,,
0x0000000000005080,40,blog_os::memory::BootInfoFrameAllocator::usable_frames::{{closure}}::hc9968ee6c704bea1,,
0x00000000000050c0,40,alloc::vec::Vec<T>::from_raw_parts::hb262f791d48340f8,,
0x00000000000052c0,40,<alloc::vec::Vec<T> as core::ops::drop::Drop>::drop::ha7616dd6e4bb9eab,,
0x0000000000005780,40,core::cmp::Ord::max::hf03281f5205863ae,,
0x0000000000005800,40,core::cmp::Ordering::then_with::h9e721e5d6ea8e3d4,,
0x0000000000005ae0,40,core::iter::range::<impl core::iter::traits::iterator::Iterator for core::ops::range::Range<A>>::next::h43fc37af23112bc2,,
0x0000000000006110,40,<core::iter::LoopState<C,B> as core::ops::try::Try>::into_result::h4dd6482da280e68d,
0x0000000000006300,40,__rg_dealloc,,
0x0000000000006c40,40,alloc::boxed::Box<T>::into_unique::hcb57bc77495ae65e,,
0x0000000000007720,40,core::alloc::Layout::from_size_align_unchecked::h1c6702daba417038,,
0x0000000000007920,40,core::alloc::Layout::padding_needed_for::h0321d20f3a7b0109,,
0x00000000000079c0,40,core::iter::traits::iterator::Iterator::try_for_each::call::{{closure}}::h748581831979528c,,
0x00000000000079f0,40,core::iter::traits::iterator::Iterator::find::check::{{closure}}::h850a9831707c643c,,
0x0000000000007be0,40,core::num::ptr_try_from_impls::<impl core::convert::TryFrom<usize> for u32>::try_from::ha2af5618c520149a,,
0x0000000000007e40,40,<alloc::rc::Rc<T> as core::ops::drop::Drop>::drop::h63bd780952ad759d,,
0x0000000000007ee0,40,alloc::rc::RcBoxPtr::dec_strong::hd15c5ec62f7fae35,,
0x0000000000007f30,40,alloc::rc::RcBoxPtr::dec_weak::hff0fb0d6bb0d1a8a,,
0x0000000000007fd0,40,x86_64::instructions::interrupts::without_interrupts::h21d96e4664c44a63,,
0x0000000000008010,40,<alloc::alloc::Global as core::alloc::Alloc>::alloc::hb914d0b9138438b9,,
0x0000000000008090,40,<alloc::alloc::Global as core::alloc::Alloc>::dealloc::hce20c3e28115e778,,
0x00000000000080d0,40,alloc::alloc::dealloc::h08e320015ce1206d,,
0x0000000000008660,40,<i32 as core::iter::range::Step>::add_usize::h8b74c75a28ce8fc5,,
0x0000000000008760,40,core::ptr::unique::Unique<T>::new_unchecked::h4df6131ee81c3c03,,
0x0000000000008880,40,core::sync::atomic::atomic_load::h79798b7084f305b8,,
0x0000000000009040,40,alloc::raw_vec::RawVec<T>::from_raw_parts::hc0de8d5254beef9a,,
0x0000000000009850,40,alloc::raw_vec::RawVec<T,A>::current_layout::hd64b86f8bfc86fd3,
0x0000000000009a90,40,core::ptr::swap_nonoverlapping_one::hf4c2767e5ffc11df,,
0x0000000000009e20,40,pc_keyboard::Keyboard<T,S>::new::h4aa3ccddcf9b6e12,
0x000000000000a690,40,core::option::Option<T>::ok_or::h9a314b272e1ef6bc,,
0x000000000000abe0,40,spin::mutex::Mutex<T>::lock::h0f85193b24d35375,,
0x000000000000ac30,40,spin::mutex::Mutex<T>::lock::hb7b3491f6a28470f,,
0x000000000000ac80,40,spin::mutex::Mutex<T>::lock::hc44e5135f45a9ebe,,
0x000000000000b8d0,40,core::ptr::swap_nonoverlapping_one::h97e8153c228e110c,,
0x000000000000b990,40,core::ptr::read::hbd8fe0daa2b4a7aa,,
0x000000000000c070,40,<blog_os::vga_buffer::Writer as core::fmt::Write>::write_str::hd8f2c201068a7cc4,,
0x000000000000c450,40,core::option::Option<T>::ok_or::he38f4541e11dc389,,
0x000000000000d790,40,<bootloader::bootinfo::memory_map::MemoryMap as core::ops::deref::Deref>::deref::hfae6f5a2768a92bf,,
0x000000000000d960,40,core::slice::<impl core::ops::index::Index<I> for [T]>::index::h1b3e86da79654e17,,
0x000000000000d9a0,40,core::cmp::Ord::min::ha0aebd4cdfbef31e,,
0x000000000000db00,40,<usize as core::iter::range::Step>::add_usize::hc3ca1d89f1f87d13,,
0x000000000000deb0,40,core::ptr::swap_nonoverlapping_one::h52e45883b8bf3c34,,
0x000000000000e170,40,<core::ops::range::Range<usize> as core::slice::SliceIndex<[T]>>::get_unchecked::h6d8a547476111326,,
0x000000000000e390,40,core::iter::traits::iterator::Iterator::try_for_each::h138eb96fa2c24458,,
0x0000000000014770,40,core::fmt::Formatter::debug_tuple::h3e5fd52baf849323,,
0x00000000000162d0,40,core::fmt::builders::DebugStruct::finish::hdc8169e2134f5e9b,,
0x0000000000016dd0,40,<core::ops::range::RangeTo<usize> as core::slice::SliceIndex<[T]>>::get_unchecked_mut::ha97296e75f81007e,,
0x0000000000016e20,40,<core::ops::range::Range<usize> as core::slice::SliceIndex<[T]>>::get_unchecked_mut::h27f803e35c0b4e52,,
0x0000000000017040,40,core::iter::traits::iterator::Iterator::step_by::h28bd23459d494607,,
0x00000000000172e0,40,core::result::Result<T,E>::expect::h38d01abb2311eefc,
0x0000000000018c60,40,core::ptr::swap_nonoverlapping_one::h46ea451513912d37,,
0x0000000000019090,40,linked_list_allocator::align_up::hd22bc3d53efc273d,,
0x0000000000019100,40,linked_list_allocator::align_down::h215054f4ef2e00a2,,
0x00000000000194a0,40,core::sync::atomic::AtomicBool::compare_exchange::h8d1a0c60d02fc749,,
0x0000000000019a80,40,core::sync::atomic::atomic_store::h997498649750af7c,,
0x000000000001a040,40,spin::mutex::Mutex<T>::lock::hd8bf68c265683663,,
0x000000000001a2c0,40,core::result::Result<T,E>::unwrap::h4756325fd5938c96,
0x000000000001a3a0,40,core::alloc::Layout::from_size_align_unchecked::hb88b1d80d9ace529,,
0x000000000001a500,40,core::alloc::Layout::new::h9eaf1396f6933dd2,,
0x000000000001c3e0,40,pc_keyboard::ConsumeState::extract_state::h48e38fd25ef81397,,
0x000000000001e780,40,core::iter::adapters::Map<I,F>::new::hd93a298243378fdd,
0x000000000001e7d0,40,core::iter::adapters::Map<I,F>::new::hf44a84351f9b3801,
0x000000000001e940,40,core::iter::traits::iterator::Iterator::flat_map::h92d2a529e2cee558,,
0x000000000001ea50,40,core::iter::adapters::Filter<I,P>::new::h5cb2f8819e37f88c,
0x000000000001eab0,40,<core::iter::adapters::StepBy<I> as core::iter::traits::iterator::Iterator>::next::hbb3317bfaae3b9f3,,
0x000000000001ebb0,40,core::iter::traits::iterator::Iterator::try_for_each::hbe981527f3e4199b,,
0x000000000001f2a0,40,core::iter::traits::iterator::Iterator::any::h43ae078cd11494ab,,
0x000000000001f650,40,pic8259_simple::ChainedPics::handles_interrupt::h755f8cadd03852a1,,
0x000000000001f6d0,40,pic8259_simple::Pic::handles_interrupt::hdd12f0f2d23cce5f,,
0x000000000001fb10,40,core::iter::traits::iterator::Iterator::try_for_each::call::{{closure}}::hb9baf114bfa40f83,,
0x000000000001fd30,40,core::sync::atomic::AtomicBool::compare_exchange::hc6b62717a10f2803,,
0x000000000001ff60,40,core::sync::atomic::AtomicUsize::compare_exchange::hbe36a0e37efe159f,,
0x0000000000020270,40,core::sync::atomic::atomic_store::ha5553fe0d387a4a2,,
0x0000000000020b00,40,core::fmt::num::<impl core::fmt::Debug for u64>::fmt::h98f06e23a5dc3c9c,,
0x0000000000021020,40,x86_64::structures::paging::page_table::PageTableEntry::set_addr::heaf427970a711af8,,
0x00000000000210a0,40,x86_64::structures::paging::page_table::PageTableEntry::set_frame::haf809ab5c1bc351c,,
0x0000000000021460,40,core::num::<impl core::convert::TryFrom<u64> for u16>::try_from::hc2d35a94ea5c6b9f,,
0x00000000000214c0,40,x86_64::structures::paging::mapper::offset_page_table::OffsetPageTable::new::he45efeabd49330de,,
0x0000000000021500,40,<x86_64::structures::paging::mapper::offset_page_table::PhysOffset as x86_64::structures::paging::mapper::mapped_page_table::PhysToVirt>::phys_to_virt::hb6afa60b0c068e65,,
0x00000000000216e0,40,core::fmt::num::<impl core::fmt::Debug for u64>::fmt::h66a1570f2f4d5813,,
0x0000000000021f80,40,x86_64::structures::paging::mapper::mapped_page_table::MappedPageTable<P>::new::h61396c8b2bec7831,,
0x00000000000226e0,40,x86_64::structures::idt::InterruptDescriptorTable::load::h44dcd83cd5805e66,,
0x00000000000240c0,40,x86_64::addr::VirtAddr::align_down::hc23e6602823972ae,,
0x0000000000024110,40,x86_64::addr::align_down::hc0d236d63d53a9c0,,
0x0000000000024590,40,x86_64::addr::PhysAddr::align_down::h030683d4fb077e50,,
0x0000000000004780,32,core::slice::<impl [T]>::len::hab36729b8683e656,,
0x0000000000006080,32,core::iter::LoopState<C,B>::break_value::hb5c375ef8a49a521,
0x0000000000009120,32,alloc::raw_vec::RawVec<T,A>::reserve_internal::{{closure}}::h52f201fdf07b7d7a,
0x000000000000d8b0,32,core::slice::<impl [T]>::len::hffbe1b1071b23e81,,
0x00000000000178d0,32,core::ptr::non_null::NonNull<T>::new_unchecked::h9de722f295f1927c,,
0x000000000001a0d0,32,core::result::Result<T,E>::ok::hcb210471898be9cb,
0x000000000001a560,32,core::alloc::Layout::array::{{closure}}::h1aa453fe2fa7413e,,
0x000000000001f360,32,core::slice::<impl [T]>::len::h53586e9b50d6fbdd,,
0x0000000000020020,32,core::slice::<impl [T]>::len::hc3803ff029a13ec1,,
0x0000000000020540,32,core::iter::adapters::Cloned<I>::new::hfb31ee90767daaf8,,
0x0000000000020d80,32,core::slice::<impl [T]>::len::h1f23622613cbaf94,,
0x0000000000021860,32,core::slice::<impl [T]>::len::he038876cb5dd4621,,
0x0000000000021e70,32,x86_64::structures::paging::mapper::MapperFlush<S>::new::h57924ecb1468cd7c,,
0x0000000000024620,32,<x86_64::addr::PhysAddr as core::cmp::PartialEq>::eq::hc260c4e38e8f603a,,
0x0000000000004270,24,<blog_os::interrupts::IDT as core::ops::deref::Deref>::deref::hdd70e0f2bce7b8c1,,
0x00000000000042a0,24,<blog_os::interrupts::keyboard_interrupt_handler::KEYBOARD as core::ops::deref::Deref>::deref::h342f19841dcae871,,
0x00000000000042d0,24,alloc::slice::<impl [T]>::into_vec::h8b63c47104944354,,
0x0000000000004330,24,core::cmp::impls::<impl core::cmp::PartialOrd for u64>::partial_cmp::hd1ffabb77fecd358,,
0x0000000000004360,24,core::cmp::impls::<impl core::cmp::Ord for u64>::cmp::ha74ef6bf7ebc169e,,
0x00000000000046e0,24,<x86_64::structures::paging::page::Page<S> as core::cmp::PartialOrd>::le::{{closure}}::hce93f56bf72879c9,,
0x0000000000004720,24,core::slice::from_raw_parts::h7a734dfc5cbd1b20,,
0x0000000000004750,24,core::slice::from_raw_parts_mut::h1a160ac439629ca3,,
0x00000000000047b0,24,core::slice::<impl core::ops::index::IndexMut<I> for [T]>::index_mut::h6fde886fc5c3a4fa,,
0x0000000000004e90,24,<u64 as core::ops::arith::Add>::add::h0179ea8d569b5ad9,,
0x0000000000004ed0,24,core::ops::function::impls::<impl core::ops::function::FnMut<A> for &mut F>::call_mut::h2a7ff9d13bd44eab,,
0x0000000000004f00,24,blog_os::memory::BootInfoFrameAllocator::usable_frames::{{closure}}::h4d41e8049290a41c,,
0x0000000000004f40,24,core::ops::function::impls::<impl core::ops::function::FnOnce<A> for &mut F>::call_once::h16aec13f4461888c,,
0x0000000000005110,24,alloc::vec::Vec<T>::new::he5b9d732b5f30646,,
0x0000000000005200,24,alloc::vec::Vec<T>::reserve::h2b21e4aff453ed31,,
0x0000000000005230,24,alloc::vec::Vec<T>::as_mut_ptr::hc58e1fe1ad7354cb,,
0x0000000000005290,24,alloc::vec::Vec<T>::as_ptr::hf63df8db60660eda,,
0x00000000000052f0,24,<alloc::vec::Vec<T> as core::ops::index::IndexMut<I>>::index_mut::h770a3ce66399fa83,,
0x0000000000005340,24,core::num::ptr_try_from_impls::<impl core::convert::TryFrom<usize> for u64>::try_from::h0ba59a31f0f29ff4,,
0x0000000000005380,24,volatile::Volatile<T>::write::h9687ad3d9e0f55ac,,
0x0000000000005480,24,core::cell::Cell<T>::new::hcf686505384e2740,,
0x00000000000054d0,24,core::cell::Cell<T>::set::h7e2a70826eba425a,,
0x0000000000005500,24,core::cell::Cell<T>::replace::h53b3f8a708ab6441,,
0x0000000000005540,24,<x86_64::structures::paging::page_table::PageTableFlags as core::ops::bit::BitOr>::bitor::h5872ae5293c5791b,,
0x0000000000005750,24,core::cmp::max::hc7fca667d30f78f5,,
0x0000000000005870,24,core::cmp::PartialEq::ne::hb281c03a09b2c7f4,,
0x00000000000058a0,24,blog_os::memory::init::haceaf7a20ba5e594,,
0x0000000000005940,24,blog_os::memory::BootInfoFrameAllocator::init::hf1d1dae3f4f7f4f2,,
0x0000000000005bd0,24,<core::ops::range::RangeFull as core::slice::SliceIndex<[T]>>::index_mut::h7977b75934064f7b,,
0x00000000000061e0,24,blog_os::init::h95599f0274563e1c,,
0x00000000000062c0,24,__rg_alloc,,
0x00000000000063c0,24,core::result::Result<T,E>::unwrap::h532e0ec127b0342a,
0x0000000000006bb0,24,alloc::boxed::Box<T>::into_unique::h12b2de6534e3ef7c,,
0x0000000000006be0,24,alloc::boxed::Box<T>::into_raw::h445f93a6f3eff87c,,
0x0000000000006c10,24,alloc::boxed::Box<T>::into_raw_non_null::hc647f731847a7386,,
0x0000000000006c90,24,<alloc::boxed::Box<T> as core::fmt::Pointer>::fmt::h8b1094f279a686d6,,
0x0000000000006d90,24,x86_64::structures::paging::mapper::MapperFlush<S>::flush::h6ebd9d2f3bbc5e58,,
0x0000000000006eb0,24,_start,,
0x00000000000076f0,24,<core::marker::PhantomData<T> as core::cmp::PartialOrd>::partial_cmp::h42e49bdc23de3d87,,
0x0000000000007ba0,24,core::intrinsics::copy_nonoverlapping::hdb5ad1d4c484815e,,
0x0000000000007c80,24,alloc::rc::RcBoxPtr::strong::h5b5ff039fa30c742,,
0x0000000000007d70,24,alloc::rc::Rc<T>::from_inner::h6f9ec4dd1db8f5d3,,
0x0000000000007f90,24,alloc::rc::RcBoxPtr::weak::h8e41fe06080403e7,,
0x0000000000008050,24,alloc::alloc::alloc::h4e4cbb3ece8245aa,,
0x00000000000082c0,24,core::mem::swap::h4fe3071194bcb07a,,
0x0000000000008330,24,core::mem::replace::hd08dd406e8be16f0,,
0x0000000000008420,24,core::cell::UnsafeCell<T>::new::he644f041da4be4e7,,
0x00000000000086f0,24,<&mut T as core::fmt::Debug>::fmt::h3c40a12f3b4a2e90,,
0x0000000000008740,24,core::ptr::unique::Unique<T>::new_unchecked::h8a932041b24b5abc,,
0x0000000000008790,24,core::ptr::unique::Unique<T>::new_unchecked::hb593cda2d75e5566,,
0x0000000000008850,24,<T as core::convert::Into<U>>::into::haf675efdeae3a71b,,
0x0000000000008ee0,24,<&mut W as core::fmt::Write>::write_str::ha96b03d7d1ff501d,,
0x0000000000008f20,24,<&mut W as core::fmt::Write>::write_char::h6a64578b8f33524c,,
0x000000000000a720,24,core::option::Option<T>::as_mut::h6e9ea919cd3b513b,,
0x000000000000a760,24,core::option::Option<T>::as_ref::h26b12ede72bba4a2,,
0x000000000000a7b0,24,core::option::Option<T>::as_ref::h86c246e1e018fa02,,
0x000000000000a7f0,24,core::option::Option<T>::as_ref::h8736a3e66a4443d9,,
0x000000000000a830,24,core::option::Option<T>::as_ref::h88a8a89d48aadc51,,
0x000000000000a870,24,core::option::Option<T>::as_ref::hbeef5afb660b9503,,
0x000000000000a8d0,24,<core::option::Option<T> as core::ops::try::Try>::from_error::h6f2d569a6ec4b271,,
0x000000000000a8f0,24,<core::option::Option<T> as core::ops::try::Try>::into_result::h4a84d55c7c925f2e,,
0x000000000000a910,24,blog_os::gdt::init::h174b6096d59bb38c,,
0x000000000000a980,24,<blog_os::gdt::GDT as core::ops::deref::Deref>::deref::h3c416f7306f0bf4f,,
0x000000000000a9b0,24,<blog_os::gdt::TSS as core::ops::deref::Deref>::deref::h7ae78acf85402ccc,,
0x000000000000a9e0,24,spin::mutex::Mutex<T>::obtain_lock::h38f329991f29dc15,,
0x000000000000aa30,24,spin::mutex::Mutex<T>::obtain_lock::h926c6e1e1d5a8663,,
0x000000000000aa80,24,spin::mutex::Mutex<T>::obtain_lock::h9d886e37a8a01921,,
0x000000000000acd0,24,<spin::mutex::MutexGuard<T> as core::ops::drop::Drop>::drop::h8eda1b09c9035f4b,,
0x000000000000ad00,24,<spin::mutex::MutexGuard<T> as core::ops::drop::Drop>::drop::h93675f18175295e8,,
0x000000000000ad30,24,<spin::mutex::MutexGuard<T> as core::ops::drop::Drop>::drop::hf60c35983f78945b,,
0x000000000000af90,24,spin::once::Once<T>::force_get::hd26ba203f5903604,,
0x000000000000b180,24,spin::once::Once<T>::force_get::h38575e1c7193884a,,
0x000000000000b3c0,24,spin::once::Once<T>::force_get::h5387cac87a518c38,,
0x000000000000b600,24,spin::once::Once<T>::force_get::hd0a5ad14fbe59c94,,
0x000000000000b830,24,spin::once::Once<T>::force_get::h4167001e013f8128,,
0x000000000000ba50,24,core::ptr::<impl *mut T>::add::hd90b6e8b286e2346,,
0x000000000000ba80,24,core::ptr::<impl *mut T>::offset::ha9eaea52b8eeebc4,,
0x000000000000c190,24,<blog_os::vga_buffer::WRITER as core::ops::deref::Deref>::deref::h7db304cb56e59170,,
0x000000000000c1c0,24,core::intrinsics::copy_nonoverlapping::h1284dc83a916b825,,
0x000000000000c2b0,24,core::mem::swap::hd879974905930734,,
0x000000000000c980,24,<u16 as bit_field::BitField>::bit_length::ha717eaa5bc16a86c,,
0x000000000000cf20,24,<u64 as bit_field::BitField>::bit_length::h68f409875d085a69,,
0x000000000000d710,24,bootloader::bootinfo::memory_map::FrameRange::start_addr::h578221d56f9ffd7d,,
0x000000000000d750,24,bootloader::bootinfo::memory_map::FrameRange::end_addr::h80cdebcc31ca36ed,,
0x000000000000d8e0,24,core::ptr::<impl *const T>::add::h49b865d48337c01e,,
0x000000000000d910,24,core::ptr::<impl *const T>::offset::h6b6dabfaba095d71,,
0x000000000000da20,24,core::cmp::min::h97d0ae5f8b10e92f,,
0x000000000000da70,24,<T as core::convert::TryFrom<U>>::try_from::h66d3b02e49c56791,,
0x000000000000db40,24,core::mem::swap::h5c3bd80d5f797544,,
0x000000000000dba0,24,core::slice::from_raw_parts::h386a22e6a7604714,,
0x000000000000de00,24,core::ptr::<impl *mut T>::add::h86947fb36d1b09ef,,
0x000000000000de30,24,core::ptr::<impl *mut T>::offset::h5b3a058b7bc5a44b,,
0x000000000000dfa0,24,core::ptr::<impl *const T>::wrapping_add::h5d9aba42c448fd2e,,
0x000000000000dfd0,24,core::ptr::<impl *const T>::wrapping_offset::hb1b85435adda715f,,
0x000000000000e000,24,core::intrinsics::copy_nonoverlapping::h8929168e91c6111b,,
0x000000000000e040,24,core::intrinsics::copy_nonoverlapping::hcaf00fddc1149441,,
0x000000000000ead0,24,core::iter::traits::iterator::Iterator::find::ha7f751892c5af1d9,,
0x000000000000eb10,24,core::iter::traits::iterator::Iterator::filter::h64e3dbafbeb11b3f,,
0x000000000000eb30,24,core::slice::from_raw_parts_mut::hc61f2e3f5da05436,,
0x000000000000eb80,24,core::slice::<impl [T]>::get_unchecked_mut::ha35646d23cbc4113,,
0x000000000000ebb0,24,core::slice::<impl [T]>::get_unchecked_mut::hb0bf278db74709fa,,
0x000000000000ebe0,24,<usize as core::slice::SliceIndex<[T]>>::get_unchecked_mut::h23d9f88b5519df1b,,
0x000000000000ec20,24,core::slice::<impl [T]>::is_empty::hefab075bc93c5008,,
0x000000000000ec50,24,<&T as core::fmt::Display>::fmt::he487ae29a71dee33,,
0x0000000000014720,24,core::fmt::Formatter::debug_struct::h5cdd493516e8a012,,
0x0000000000017170,24,core::num::<impl usize>::wrapping_sub::h147bf7356e5f7d81,,
0x00000000000177b0,24,core::num::<impl usize>::wrapping_add::h7093bd723767758f,,
0x00000000000177e0,24,core::num::<impl usize>::wrapping_sub::h336b2951da3e154a,,
0x00000000000178a0,24,<core::ptr::non_null::NonNull<T> as core::convert::From<core::ptr::unique::Unique<T>>>::from::h874b04ff71c60b52,,
0x00000000000179f0,24,core::ptr::<impl *mut T>::write::h26f9fca17de018b4,,
0x0000000000017ae0,24,linked_list_allocator::hole::HoleList::min_size::h3b9e7624f0487530,,
0x00000000000183d0,24,linked_list_allocator::hole::Hole::info::h17a8c4ef7964d13d,,
0x00000000000189b0,24,linked_list_allocator::hole::deallocate::{{closure}}::hcfc1ec8abfdcda4d,,
0x0000000000018c00,24,core::ptr::<impl *mut T>::add::h3dc0f26a8934baef,,
0x0000000000018c30,24,core::ptr::<impl *mut T>::offset::h5a6c30cac97c0d06,,
0x0000000000018d50,24,core::ptr::<impl *mut T>::is_null::h7bf9615e18b1710d,,
0x0000000000018d90,24,core::ptr::write::he2b2239f8f8d27e6,,
0x0000000000018dc0,24,core::mem::swap::hfa782efb43e4cc27,,
0x0000000000018df0,24,core::mem::take::h3a84311b891256d0,,
0x0000000000018e20,24,core::mem::replace::h606c4096496fa57b,,
0x0000000000018ec0,24,core::ptr::non_null::NonNull<T>::new::h5a2021fd49daec9b,,
0x0000000000018f70,24,linked_list_allocator::Heap::init::h134180452404e856,,
0x00000000000192f0,24,<linked_list_allocator::LockedHeap as core::alloc::GlobalAlloc>::alloc::{{closure}}::he9bf7032a964c352,,
0x0000000000019980,24,core::sync::atomic::AtomicBool::load::hbe32a4576b89e93d,,
0x00000000000199c0,24,core::sync::atomic::atomic_load::h9adeb081c05bdace,,
0x0000000000019a40,24,core::sync::atomic::AtomicBool::store::hb9ed5f7568f072ad,,
0x0000000000019b00,24,core::intrinsics::copy_nonoverlapping::hbb3bf8992d5b0a10,,
0x0000000000019b40,24,core::intrinsics::copy_nonoverlapping::hd2a2751acbbf39e3,,
0x0000000000019c60,24,core::option::Option<T>::as_mut::hd74f02185717f3c1,,
0x0000000000019ca0,24,core::option::Option<T>::as_ref::hd1ab6da74da93d05,,
0x0000000000019db0,24,core::option::Option<T>::unwrap::h19c74ed2d71af727,,
0x0000000000019df0,24,core::option::Option<T>::unwrap::h351a955530ee05c0,,
0x0000000000019f60,24,core::num::<impl usize>::is_power_of_two::ha77619c54ec22fc8,,
0x0000000000019fc0,24,core::num::<impl usize>::wrapping_sub::hee35f8b914e99737,,
0x0000000000019ff0,24,spin::mutex::Mutex<T>::obtain_lock::h821b796f968cb92d,,
0x000000000001a090,24,<spin::mutex::MutexGuard<T> as core::ops::drop::Drop>::drop::h63f9b32906747bdb,,
0x000000000001a530,24,core::alloc::size_align::h5e87c56093d76d8b,,
0x000000000001e760,24,core::iter::traits::iterator::Iterator::map::h216cafea6ffd45cd,,
0x000000000001e7b0,24,core::iter::traits::iterator::Iterator::map::h679ec6ace88dddba,,
0x000000000001e8d0,24,<&mut I as core::iter::traits::iterator::Iterator>::next::hd8300ae7e8687613,,
0x000000000001e900,24,<core::iter::adapters::Map<I,F> as core::iter::traits::iterator::Iterator>::next::h892f262ae6632e6c,
0x000000000001eb20,24,<core::iter::adapters::Map<I,F> as core::iter::traits::iterator::Iterator>::next::h2e2cc1b989825508,
0x000000000001f300,24,core::ptr::<impl *const T>::add::had7f572ac8d5d1b0,,
0x000000000001f330,24,core::ptr::<impl *const T>::offset::hf34bb12cd35e9254,,
0x000000000001f6a0,24,pic8259_simple::ChainedPics::handles_interrupt::{{closure}}::h345493aa5824d31d,,
0x000000000001f750,24,pic8259_simple::ChainedPics::notify_end_of_interrupt::h7a34c58118823682,,
0x000000000001f7e0,24,core::ptr::<impl *const T>::wrapping_add::h2b81c718ecd09afc,,
0x000000000001f810,24,core::ptr::<impl *const T>::wrapping_offset::h0e99345069d8cb80,,
0x000000000001f860,24,cpuio::Port<T>::write::hc9b24c5912113461,,
0x000000000001f8b0,24,cpuio::UnsafePort<T>::write::he2c900b3de1e937a,,
0x000000000001f910,24,<core::iter::LoopState<C,B> as core::ops::try::Try>::into_result::h347bbfa234dbb8b7,
0x000000000001fbc0,24,core::num::<impl usize>::wrapping_sub::h308e9ca677103b95,,
0x000000000001fdf0,24,core::sync::atomic::AtomicBool::new::h09046dd6f76e7108,,
0x000000000001fe20,24,core::sync::atomic::AtomicBool::load::h019933317d719985,,
0x000000000001fe60,24,core::sync::atomic::AtomicBool::store::h68cd0a0e79872424,,
0x000000000001ffb0,24,core::sync::atomic::AtomicUsize::load::hb30313708c7d0dce,,
0x000000000001ffe0,24,core::sync::atomic::AtomicUsize::store::hdb90295b5ad62688,,
0x0000000000020130,24,core::ptr::<impl *const T>::wrapping_add::h016d86bba1095ac1,,
0x0000000000020160,24,core::ptr::<impl *const T>::wrapping_offset::hbf06acbe695d14e9,,
0x0000000000020190,24,core::ptr::<impl *const T>::add::h33fb28db208d6ec4,,
0x00000000000201c0,24,core::ptr::<impl *const T>::offset::hd03fb119a3ff82cb,,
0x00000000000201f0,24,<spin::once::Finish as core::ops::drop::Drop>::drop::hc958c660d47bd965,,
0x0000000000020230,24,core::sync::atomic::AtomicUsize::store::h2be4681139467879,,
0x00000000000203e0,24,core::option::Option<&T>::cloned::{{closure}}::h04f85e712259a4b7,,
0x0000000000020400,24,core::option::Option<&T>::cloned::h9ef3dfd004cdc985,,
0x0000000000020420,24,core::iter::traits::iterator::Iterator::cloned::haa8375d270dd6edc,,
0x0000000000020590,24,<&T as core::fmt::Display>::fmt::h6220972b671a53fa,,
0x0000000000020a30,24,core::char::methods::<impl char>::len_utf8::he603609358aceff9,,
0x0000000000020be0,24,<&T as core::fmt::Debug>::fmt::ha6cef755401fa9ed,,
0x0000000000020d30,24,x86_64::structures::paging::page_table::PageTableFlags::from_bits_truncate::hbe39ca36ce914e5a,,
0x0000000000020db0,24,core::ptr::<impl *mut T>::add::h4a7c411fc7764dac,,
0x0000000000020de0,24,core::ptr::<impl *mut T>::offset::h79dab96233b0b76b,,
0x0000000000021190,24,<x86_64::structures::paging::page_table::PageTable as core::ops::index::Index<ux::u9>>::index::h0420cb72e093a0f1,,
0x00000000000211f0,24,<x86_64::structures::paging::page_table::PageTable as core::ops::index::IndexMut<ux::u9>>::index_mut::h2a5bc87a2e5e3552,,
0x0000000000021260,24,x86_64::registers::rflags::RFlags::from_bits_truncate::h144e6b533d1b085b,,
0x00000000000213b0,24,core::num::<impl u64>::is_power_of_two::h4646cfa656639b33,,
0x0000000000021410,24,core::num::<impl u64>::wrapping_sub::h01b9a9d47f55de02,,
0x0000000000021810,24,x86_64::structures::paging::frame::PhysFrame<S>::containing_address::h9d2e11a84e3e8faf,,
0x0000000000021ab0,24,core::option::Option<T>::unwrap::h24a6444422b17239,,
0x0000000000021c10,24,x86_64::instructions::segmentation::set_cs::hd8229741a3c6721c,,
0x0000000000021cd0,24,x86_64::structures::paging::page::Page<S>::containing_address::h4e6a5897ef63feb1,,
0x0000000000021d10,24,x86_64::structures::paging::page::Page<S>::p4_index::h188b2221bceeffda,,
0x0000000000021d40,24,x86_64::structures::paging::page::Page<S>::p3_index::h37020a75e5ae1b2c,,
0x0000000000021d70,24,x86_64::structures::paging::page::Page<S>::p2_index::h2b23d115440b1c31,,
0x0000000000021da0,24,x86_64::structures::paging::page::Page::p1_index::h6d2aa5a6af8bf562,,
0x0000000000021dd0,24,core::ptr::<impl *mut T>::wrapping_add::h6a12fac7ffcf2992,,
0x0000000000021e00,24,core::ptr::<impl *mut T>::wrapping_offset::hcf85336d9bc26f39,,
0x00000000000225d0,24,x86_64::structures::idt::Entry<F>::missing::h96b611f49697ce9a,,
0x0000000000022620,24,x86_64::structures::idt::Entry<F>::missing::h64a2bc800841c69f,,
0x0000000000022670,24,x86_64::structures::idt::Entry<F>::missing::h68194126ea1ee0aa,,
0x0000000000022bc0,24,x86_64::structures::idt::EntryOptions::set_present::hb9802975ff96fc79,,
0x0000000000022c80,24,<x86_64::structures::idt::InterruptStackFrame as core::fmt::Debug>::fmt::h82f5113181c6b52b,,
0x0000000000022f60,24,"x86_64::structures::idt::Entry<extern ""x86.interrupt"" fn(&mut x86_64::structures::idt::InterruptStackFrame)>::set_handler_fn::hc9d30ae06fd5d28a",,
0x0000000000022f90,24,x86_64::structures::idt::Entry<F>::set_handler_addr::ha771396d28ecd793,,
0x0000000000023010,24,"x86_64::structures::idt::Entry<extern ""x86.interrupt"" fn(&mut x86_64::structures::idt::InterruptStackFrame", u64)>::set_handler_fn::hed15fc3a80bab0ca,
0x0000000000023040,24,x86_64::structures::idt::Entry<F>::set_handler_addr::h8f0ec517bd594211,,
0x00000000000230c0,24,"x86_64::structures::idt::Entry<extern ""x86.interrupt"" fn(&mut x86_64::structures::idt::InterruptStackFrame", x86_64::structures::idt::PageFaultErrorCode)>::set_handler_fn::hf29f10ac7773b4fa,
0x00000000000230f0,24,x86_64::structures::idt::Entry<F>::set_handler_addr::h827843cb1aecf88b,,
0x0000000000023800,24,x86_64::registers::control::Cr3Flags::from_bits_truncate::h25007d0a1c8c63c9,,
0x0000000000023b30,24,x86_64::structures::gdt::Descriptor::kernel_code_segment::hd692616b10ed6c0c,,
0x0000000000023bb0,24,<x86_64::structures::gdt::DescriptorFlags as core::ops::bit::BitOr>::bitor::hd7e94f97a6ef22bf,,
0x0000000000024290,24,<x86_64::addr::VirtAddr as core::ops::arith::Add<u64>>::add::h1bf75b228d285226,,
0x00000000000242d0,24,<x86_64::addr::VirtAddr as core::ops::arith::Add<usize>>::add::hf65955bce924731e,,
0x0000000000024310,24,<x86_64::addr::VirtAddr as core::ops::arith::Sub<u64>>::sub::h3a260cd94fafd9d4,,
0x00000000000245e0,24,x86_64::addr::PhysAddr::is_aligned::h0c28006e3483880a,,
0x0000000000024750,24,core::result::Result<T,E>::unwrap::ha7b192c4171ea4a4,
0x0000000000004300,16,core::cmp::impls::<impl core::cmp::PartialOrd for i32>::lt::h7e5a881875295ddb,,
0x00000000000043b0,16,core::cmp::impls::<impl core::cmp::PartialOrd for usize>::ge::h7ef17b894302f42c,,
0x0000000000004a90,16,core::cmp::impls::<impl core::cmp::PartialOrd for u64>::lt::h8fed63bfeddb55e3,,
0x00000000000054b0,16,core::cell::UnsafeCell<T>::new::hc2e483f3d9eb4284,,
0x00000000000060f0,16,<core::iter::LoopState<C,B> as core::ops::try::Try>::from_error::hd2584c35e36de9ac,
0x00000000000061a0,16,<core::iter::LoopState<C,B> as core::ops::try::Try>::from_ok::h04fadd37aea34bd2,
0x0000000000006410,16,<core::result::Result<T,E> as core::ops::try::Try>::from_error::hdeb419ea6f09cd37,
0x0000000000006440,16,<core::result::Result<T,E> as core::ops::try::Try>::into_result::hd82f6e6017ac82b3,
0x0000000000006cd0,16,<T as core::convert::From<T>>::from::h4e5a7b7396b0b883,,
0x00000000000079a0,16,core::iter::traits::iterator::Iterator::try_for_each::call::ha18be569a4338c36,,
0x0000000000007a60,16,core::iter::traits::iterator::Iterator::find::check::h1f0752c17bbc122d,,
0x0000000000007c30,16,x86_64::instructions::port::Port<T>::new::hbaa00675a16a1e53,,
0x0000000000008270,16,core::mem::size_of_val::h24e51f8657126b86,,
0x0000000000008290,16,core::mem::align_of_val::h888701bf519c55eb,,
0x00000000000083f0,16,core::cell::UnsafeCell<T>::new::ha88e6938d1669ee3,,
0x00000000000087e0,16,core::ptr::unique::Unique<T>::as_ptr::h58ddfd6e14f9a6fd,,
0x00000000000099e0,16,core::ptr::read_volatile::hebdfd2335856af58,,
0x0000000000009a10,16,core::ptr::write_volatile::hd0b6becf075e73e1,,
0x0000000000009b60,16,core::ptr::write::h9af45643ffa9525d,,
0x000000000000b9e0,16,core::ptr::write::hb3de3da5a9c15539,,
0x000000000000c270,16,core::str::from_utf8_unchecked_mut::h1ee947b86ee02e78,,
0x000000000000d890,16,core::slice::<impl [T]>::as_ptr::h3bb7e831d7839fd9,,
0x000000000000daa0,16,core::cmp::impls::<impl core::cmp::PartialOrd for usize>::le::hd68765e698f2da98,,
0x000000000000dad0,16,core::cmp::impls::<impl core::cmp::PartialOrd for usize>::lt::h214e8b2239282588,,
0x000000000000df80,16,core::ptr::write::h9a3ac51154661c08,,
0x000000000000e150,16,<I as core::iter::traits::collect::IntoIterator>::into_iter::h94ff2ee23f3e9ca5,,
0x000000000000eb60,16,core::slice::<impl [T]>::as_mut_ptr::h43051f85d21ba913,,
0x00000000000147e0,16,<str as core::fmt::Display>::fmt::hf7154474259ce0ef,,
0x0000000000017080,16,core::num::NonZeroUsize::new_unchecked::hccb3446f557e9ef7,,
0x0000000000017420,16,<core::result::Result<T,E> as core::ops::try::Try>::from_error::h40117cc5f2762811,
0x0000000000017460,16,<core::result::Result<T,E> as core::ops::try::Try>::from_error::h5a3829a9641c367e,
0x0000000000017530,16,<core::result::Result<T,E> as core::ops::try::Try>::into_result::h74c7c4a2b105a7fc,
0x00000000000175d0,16,core::num::NonZeroUsize::new_unchecked::h736b8eb6772c09ba,,
0x0000000000017840,16,core::ptr::non_null::NonNull<T>::new_unchecked::h9894ed1095b53794,,
0x0000000000017880,16,core::ptr::non_null::NonNull<T>::new_unchecked::h6f6798e2f60ebe99,,
0x00000000000179a0,16,core::ptr::non_null::NonNull<T>::as_ptr::h215f9e0ffd5368e4,,
0x0000000000018d30,16,core::ptr::write::h566edec9adee978b,,
0x0000000000018ea0,16,core::ptr::non_null::NonNull<T>::new_unchecked::hca149e62f8c8d7cc,,
0x0000000000019440,16,core::sync::atomic::strongest_failure_ordering::h67e7c2111f49cc17,,
0x0000000000019e30,16,core::option::Option<T>::is_some::he345efe8dde79970,,
0x0000000000019f30,16,core::num::NonZeroUsize::new_unchecked::h4b09ff6e5674b31d,,
0x000000000001a9f0,16,<core::result::Result<T,E> as core::ops::try::Try>::from_error::he1fe25bc828c35bf,
0x000000000001c460,16,pc_keyboard::KeyEvent::new::h16e021890a64e075,,
0x000000000001f440,16,core::slice::<impl [T]>::as_ptr::h52244c0c98f48349,,
0x000000000001f840,16,cpuio::Port<T>::new::h74d25e8cc85abce5,,
0x000000000001faf0,16,core::iter::traits::iterator::Iterator::try_for_each::call::h5e12af75a7cf6f90,,
0x000000000001fba0,16,core::iter::traits::iterator::Iterator::any::check::h740299abee997446,,
0x000000000001fbf0,16,core::cmp::impls::<impl core::cmp::PartialEq for ()>::eq::h139b6c3150ba7f8e,,
0x000000000001fcd0,16,core::sync::atomic::strongest_failure_ordering::hf8683daed26c778e,,
0x0000000000020100,16,core::slice::<impl [T]>::as_ptr::hec4e86215b6285fd,,
0x0000000000020310,16,<I as core::iter::traits::collect::IntoIterator>::into_iter::h2532fc0f3039ac3d,,
0x0000000000020e10,16,core::slice::<impl [T]>::as_mut_ptr::h52b5d9b9365e74f1,,
0x0000000000020ff0,16,x86_64::structures::paging::page_table::PageTableFlags::contains::heef544974a3dd912,,
0x0000000000021290,16,x86_64::registers::rflags::RFlags::contains::h3409bc3e3f674efc,,
0x0000000000021840,16,core::slice::<impl [T]>::as_ptr::h29aa8152b6f0b763,,
0x0000000000021b10,16,<I as core::iter::traits::collect::IntoIterator>::into_iter::h55d5d9839233c4b9,,
0x0000000000021fc0,16,x86_64::structures::paging::mapper::mapped_page_table::PageTableWalker<P>::new::h4d89089b506cd0d1,,
0x00000000000235c0,16,<x86_64::structures::idt::PageFaultErrorCode as <x86_64::structures::idt::PageFaultErrorCode as core::fmt::Debug>::fmt::__BitFlags>::PROTECTION_VIOLATION::h4c407e054d36a3e5,,
0x0000000000023610,16,<x86_64::structures::idt::PageFaultErrorCode as <x86_64::structures::idt::PageFaultErrorCode as core::fmt::Debug>::fmt::__BitFlags>::CAUSED_BY_WRITE::h7834a27bc2141c5d,,
0x0000000000023660,16,<x86_64::structures::idt::PageFaultErrorCode as <x86_64::structures::idt::PageFaultErrorCode as core::fmt::Debug>::fmt::__BitFlags>::USER_MODE::h17180dd8a699b8bc,,
0x00000000000236b0,16,<x86_64::structures::idt::PageFaultErrorCode as <x86_64::structures::idt::PageFaultErrorCode as core::fmt::Debug>::fmt::__BitFlags>::MALFORMED_TABLE::hd3d7f5bfc1096229,,
0x0000000000023700,16,<x86_64::structures::idt::PageFaultErrorCode as <x86_64::structures::idt::PageFaultErrorCode as core::fmt::Debug>::fmt::__BitFlags>::INSTRUCTION_FETCH::h2ce788476273018a,,
0x0000000000017600,12,core::num::<impl u32>::wrapping_add::h54d6dbe28395bd91,,
0x00000000000037f0,8,blog_os::interrupts::InterruptIndex::as_usize::hb76fe2219b0cfade,,
0x0000000000003810,8,blog_os::interrupts::init_idt::h2509fd6afb6627ad,,
0x0000000000004b00,8,core::alloc::Layout::size::hd58f9bcd255082ad,,
0x0000000000004b10,8,core::alloc::Layout::align::h9b0522d1fd2953f0,,
0x0000000000004b30,8,<core::iter::adapters::flatten::FlatMap<I,U,F> as core::iter::traits::iterator::Iterator>::next::h28633de9e88d62eb
0x0000000000005260,8,alloc::vec::Vec<T>::as_slice::h1559a2085033f4ab,,
0x0000000000005270,8,<alloc::vec::Vec<T> as core::ops::deref::Deref>::deref::hb9fca3580df5ca72,,
0x0000000000005320,8,<alloc::vec::Vec<T> as core::ops::deref::DerefMut>::deref_mut::h1c72cba7578f0e47,,
0x0000000000005370,8,volatile::Volatile<T>::read::h2d493567a836cdeb,,
0x00000000000053d0,8,<u64 as core::iter::range::Step>::add_one::h3446f0aef07b0dde,,
0x0000000000005460,8,core::cell::Cell<T>::get::hba511d263c23d91e,,
0x0000000000005530,8,<T as core::convert::From<T>>::from::h544705efe5d30778,,
0x0000000000005bb0,8,<I as core::iter::traits::collect::IntoIterator>::into_iter::hb163c6662684f57f,,
0x00000000000061c0,8,x86_64::instructions::tlb::flush::h382dbb524c7e87c8,,
0x0000000000006230,8,blog_os::hlt_loop::hd5600a6efb3722dc,,
0x0000000000006af0,8,<x86_64::addr::VirtAddr as core::clone::Clone>::clone::h6fe02539eafbb8ab,,
0x0000000000006b90,8,alloc::boxed::Box<T>::into_raw_non_null::h4dcf8202ef98cd27,,
0x0000000000007760,8,core::alloc::Layout::size::h19dc8c6efbbeb6bb,,
0x0000000000007770,8,core::alloc::Layout::align::h3eb948796f8913c8,,
0x0000000000007c50,8,x86_64::instructions::port::Port<T>::read::h79964169c59d1b7d,,
0x0000000000007c70,8,alloc::rc::Rc<T>::strong_count::h10a4e05e36c42dd0,,
0x0000000000007d90,8,<alloc::rc::Rc<T> as core::clone::Clone>::clone::h7339fe69b1fae9b0,,
0x00000000000082b0,8,core::mem::drop::hec1b553db1be30b5,,
0x0000000000008360,8,core::mem::align_of::hac2f336237212b8b,,
0x0000000000008370,8,core::cell::UnsafeCell<T>::get::h12ff7e46b8b41269,,
0x0000000000008380,8,core::cell::UnsafeCell<T>::get::h2a65342b74f55766,,
0x0000000000008390,8,core::cell::UnsafeCell<T>::get::h522b53369c4fa910,,
0x00000000000083a0,8,core::cell::UnsafeCell<T>::get::h94dc27502ffd2af4,,
0x00000000000083b0,8,core::cell::UnsafeCell<T>::get::ha466a93dadbb1915,,
0x00000000000083c0,8,core::cell::UnsafeCell<T>::get::hb381a18fdcf00828,,
0x00000000000083d0,8,core::cell::UnsafeCell<T>::get::hde234acbdc5788c4,,
0x00000000000083e0,8,core::cell::UnsafeCell<T>::get::hf4c0cae6ac28e46e,,
0x0000000000008720,8,<core::ptr::unique::Unique<T> as core::convert::From<core::ptr::non_null::NonNull<T>>>::from::h1c7a7620a1a9bee9,,
0x00000000000087b0,8,core::ptr::unique::Unique<T>::empty::h0a39be55abbce0b8,,
0x00000000000087c0,8,core::ptr::unique::Unique<T>::as_mut::h84a3572ea1a7dac6,,
0x0000000000008800,8,core::ptr::unique::Unique<T>::as_mut::h8b41e86549e92ed2,,
0x0000000000008820,8,core::ptr::unique::Unique<T>::as_ptr::h6ec840e81ed22fda,,
0x0000000000008830,8,core::ptr::unique::Unique<T>::as_ptr::h03ab152531c2513d,,
0x0000000000008840,8,<T as core::convert::Into<U>>::into::h6328f52c0f578f53,,
0x0000000000008d70,8,core::ptr::real_drop_in_place::h7c09a3ac9035ba9d,,
0x0000000000008d90,8,core::ptr::real_drop_in_place::hd91291903145058a,,
0x0000000000008db0,8,core::ptr::real_drop_in_place::h9cde5f2a991cbf89,,
0x0000000000008dc0,8,core::ptr::real_drop_in_place::h8676d462dc2403d9,,
0x0000000000008dd0,8,core::ptr::real_drop_in_place::ha33eb280be4e3493,,
0x0000000000008de0,8,core::ptr::real_drop_in_place::hc3b261426ecfc864,,
0x0000000000008df0,8,x86_64::addr::VirtAddr::from_ptr::h9f2d8c6d5a279624,,
0x0000000000009080,8,alloc::raw_vec::RawVec<T>::new::h9d2a5017745ef504,,
0x0000000000009140,8,alloc::raw_vec::RawVec<T,A>::ptr::h67a881082daec223,
0x00000000000098c0,8,<alloc::raw_vec::RawVec<T,A> as core::ops::drop::Drop>::drop::hb23a21985bb2cd35,
0x0000000000009e70,8,pc_keyboard::Keyboard<T,S>::clear::hf602e1db27e7b53e,
0x000000000000a8c0,8,<T as core::convert::From<T>>::from::hbeedd082a1c1a80a,,
0x000000000000ad60,8,<spin::mutex::MutexGuard<T> as core::ops::deref::DerefMut>::deref_mut::ha6449a88781eb912,,
0x000000000000ad70,8,<spin::mutex::MutexGuard<T> as core::ops::deref::DerefMut>::deref_mut::ha95f1855475a69be,,
0x000000000000ad80,8,<spin::mutex::MutexGuard<T> as core::ops::deref::DerefMut>::deref_mut::haaf2a3aca2df7333,,
0x000000000000c180,8,blog_os::vga_buffer::_print::h853ceb8a54a84d06,,
0x000000000000c290,8,<core::str::Bytes as core::iter::traits::iterator::Iterator>::next::hdc2ec90c30afa531,,
0x000000000000c960,8,alloc::raw_vec::capacity_overflow::h67e6fd040e446347,,
0x000000000000c970,8,alloc::alloc::handle_alloc_error::hefc80eacc3238188,,
0x000000000000d6d0,8,core::mem::size_of::h1beeb2dccb955fb9,,
0x000000000000d6e0,8,core::mem::size_of::h3843e832d310e36b,,
0x000000000000d6f0,8,core::mem::size_of::h3b9d2fe91d8a046c,,
0x000000000000d700,8,core::mem::size_of::h7998da82c253dee7,,
0x000000000000d940,8,bootloader::bootinfo::memory_map::MemoryMap::next_entry_index::h82071e9408e6f4ea,,
0x000000000000da50,8,<T as core::convert::From<T>>::from::hea4d55213613c852,,
0x000000000000da60,8,<T as core::convert::Into<U>>::into::hcb5bd43af9c05226,,
0x000000000000db70,8,core::mem::size_of::h31ba3472963a6c09,,
0x000000000000db80,8,core::mem::size_of::h4f9e47d51b8447b5,,
0x000000000000db90,8,core::mem::size_of::h6b6d90ac24e9351d,,
0x000000000000ecd0,8,core::clone::impls::<impl core::clone::Clone for u64>::clone::hc1916e24aefa2b40,,
0x0000000000015e70,8,core::str::traits::<impl core::slice::SliceIndex<str> for core::ops::range::RangeTo<usize>>::index::{{closure}}::h2141623a933d04ac.694,,
0x0000000000015e90,8,core::str::traits::<impl core::slice::SliceIndex<str> for core::ops::range::RangeFrom<usize>>::index::{{closure}}::h3c696317926ff099.695,,
0x0000000000016d50,8,<u8 as cpuio::InOut>::port_in::hf9670437b4be0abc,,
0x0000000000016d70,8,<u8 as cpuio::InOut>::port_out::h513735c21c867b27,,
0x00000000000170a0,8,core::num::NonZeroUsize::get::h23f0a0413b820e39,,
0x0000000000017450,8,<core::result::Result<T,E> as core::ops::try::Try>::from_error::h5160b75478be1a45,
0x00000000000175f0,8,core::num::NonZeroUsize::get::h9011c0ccc9890f42,,
0x0000000000017820,8,<core::ptr::non_null::NonNull<T> as core::convert::From<core::ptr::unique::Unique<T>>>::from::h10cfe8a5795d03b0,,
0x0000000000017860,8,<core::ptr::non_null::NonNull<T> as core::convert::From<core::ptr::unique::Unique<T>>>::from::h8308beb48518a3fa,,
0x0000000000017900,8,core::ptr::non_null::NonNull<T>::cast::h5eb6d7760cd7ac0a,,
0x0000000000017920,8,core::ptr::non_null::NonNull<T>::as_ptr::h572278b0602796b0,,
0x0000000000017930,8,core::ptr::non_null::NonNull<T>::cast::hc390b4c3bb8c565c,,
0x0000000000017950,8,core::ptr::non_null::NonNull<T>::as_ptr::h8b21ca5f0bbcd93c,,
0x0000000000017960,8,core::ptr::non_null::NonNull<T>::cast::hd528e27f90ae3cf4,,
0x0000000000017980,8,core::ptr::non_null::NonNull<T>::as_mut::h2f27b2d2db1cb830,,
0x00000000000179c0,8,core::ptr::non_null::NonNull<T>::as_ref::h32440c41e07fdcdc,,
0x00000000000179e0,8,<T as core::convert::Into<U>>::into::h4b5fcdc8125e8b5c,,
0x0000000000017d40,8,linked_list_allocator::hole::move_helper::h2d47ee47ed68b049,,
0x0000000000018e50,8,core::mem::size_of::h2d26601f06cc6564,,
0x0000000000018e60,8,core::mem::size_of::h39e3965cfe4ed3fd,,
0x0000000000018e70,8,core::mem::size_of::ha65c3ef2a9c64c31,,
0x0000000000018e80,8,core::mem::size_of::hd534cb27f78860d6,,
0x0000000000018e90,8,core::mem::align_of::hcfe0c29c7b1ed41d,,
0x0000000000018f00,8,core::ptr::non_null::NonNull<T>::as_ptr::h0dede19c5455088b,,
0x0000000000018f10,8,core::cell::UnsafeCell<T>::get::h119c79cdc09ec4ca,,
0x0000000000018f20,8,core::cell::UnsafeCell<T>::get::hd1a7f08e5f121d57,,
0x0000000000018f50,8,core::ptr::real_drop_in_place::h43622481c8bcf71a,,
0x0000000000018f60,8,core::ptr::real_drop_in_place::haa64d1a11e076c8e,,
0x0000000000019270,8,<linked_list_allocator::LockedHeap as core::ops::deref::Deref>::deref::h6872b4bb3e3cb600,,
0x0000000000019c50,8,core::option::Option<T>::take::h5ec17f71e5fa44af,,
0x0000000000019f20,8,<core::option::Option<T> as core::default::Default>::default::h45e503c7c1d82cb3,,
0x0000000000019f50,8,core::num::NonZeroUsize::get::hd416ecb6612bf4aa,,
0x000000000001a0c0,8,<spin::mutex::MutexGuard<T> as core::ops::deref::DerefMut>::deref_mut::h497817fa0f535485,,
0x000000000001a3e0,8,core::alloc::Layout::size::h900cdfc2ee5e93a9,,
0x000000000001a3f0,8,core::alloc::Layout::align::h82ee0e97bfc0f33a,,
0x000000000001a410,8,<core::alloc::Layout as core::clone::Clone>::clone::h79b0ecae20c0a3b2,,
0x000000000001a950,8,core::ptr::real_drop_in_place::h322df37f2d84399b,,
0x000000000001a960,8,core::ptr::real_drop_in_place::h370fc92606c791e9,,
0x000000000001a970,8,core::ptr::real_drop_in_place::h78ffb116a30a1ca8,,
0x000000000001a980,8,core::ptr::real_drop_in_place::h85414cb9bb8c0b2b,,
0x000000000001a990,8,core::ptr::real_drop_in_place::ha77c62223b90d169,,
0x000000000001a9a0,8,core::ptr::real_drop_in_place::hfd9264120c5c5c0c,,
0x000000000001a9b0,8,<T as core::convert::Into<U>>::into::h36aea510283f5785,,
0x000000000001aa20,8,<core::result::Result<T,E> as core::ops::try::Try>::into_result::hcdc0154502ffb8c9,
0x000000000001c450,8,<pc_keyboard::DecodeState as core::clone::Clone>::clone::h41fa1c38e6ac1330,,
0x000000000001c490,8,pc_keyboard::Modifiers::is_shifted::he6dfc01454016e14,,
0x000000000001e740,8,<core::iter::adapters::Filter<I,P> as core::iter::traits::iterator::Iterator>::next::hd9178bc4f2e32eea,
0x000000000001e8c0,8,<I as core::iter::traits::collect::IntoIterator>::into_iter::hf110e66b73707ab2,,
0x000000000001f630,8,pic8259_simple::ChainedPics::initialize::{{closure}}::haeaa53a144c74edd,,
0x000000000001f7c0,8,pic8259_simple::Pic::end_of_interrupt::h2f917200792fe889,,
0x000000000001f890,8,cpuio::UnsafePort<T>::read::hb05ffe317b35d800,,
0x000000000001f8e0,8,core::mem::size_of::h17d94d8d424ee466,,
0x000000000001f8f0,8,<core::iter::LoopState<C,B> as core::ops::try::Try>::from_error::h83cdca21ba6a17b8,
0x000000000001f9a0,8,<core::iter::LoopState<C,B> as core::ops::try::Try>::from_ok::h18e28d1281c1e458,
0x0000000000020120,8,core::mem::size_of::h87362318c9ebdf6f,,
0x0000000000020300,8,core::cell::UnsafeCell<T>::get::hce6117e890c76ff7,,
0x0000000000020530,8,core::clone::impls::<impl core::clone::Clone for u8>::clone::h3aa021676e0e8c2a,,
0x0000000000020570,8,<core::iter::adapters::Cloned<I> as core::iter::traits::iterator::Iterator>::next::h3ca8f97a2630e033,,
0x0000000000020aa0,8,ux::u9::new::h7a752c31e232ffd4,,
0x0000000000020bb0,8,<T as core::convert::From<T>>::from::hd61d1e598f021d3b,,
0x0000000000020bc0,8,ux::conversion::<impl core::convert::From<ux::u9> for u16>::from::hb93a9516b0ab91fb,,
0x0000000000020c10,8,core::char::convert::from_u32_unchecked::h553e43751dd30ee0,,
0x0000000000020c30,8,cast::u64::hf06a8519458b6fbf,,
0x0000000000020c40,8,cast::_64::<impl cast::From<usize> for u64>::cast::h52742b1a4ce1ba0b,,
0x0000000000020cf0,8,x86_64::structures::paging::page_table::PageTableEntry::addr::h1e804b1473e9ac2b,,
0x0000000000020d10,8,x86_64::structures::paging::page_table::PageTableEntry::flags::hcd1e75cc470b2ce6,,
0x0000000000020d60,8,x86_64::structures::paging::page_table::PageTableFlags::all::hdc107fed52b0af7c,,
0x0000000000020ee0,8,x86_64::structures::paging::page_table::PageTableEntry::is_unused::h109aa0323bc1987f,,
0x0000000000020f00,8,x86_64::structures::paging::page_table::PageTableEntry::set_unused::hb07cbfe3fc391795,,
0x0000000000021090,8,x86_64::structures::paging::page_table::PageTableFlags::bits::hf1ecbe104b97cce0,,
0x0000000000021250,8,x86_64::registers::rflags::RFlags::all::hf72dfa6e0c6846f6,,
0x00000000000212c0,8,core::mem::size_of::h50e0f900d93b3135,,
0x00000000000212d0,8,core::mem::size_of::h83c51460806b1fd2,,
0x00000000000212e0,8,core::mem::size_of::hb30ee1b5bb0f7d06,,
0x0000000000021690,8,x86_64::structures::paging::frame::PhysFrame<S>::start_address::h5aece5ee979f402a,,
0x00000000000216c0,8,cast::_64::<impl cast::From<u64> for usize>::cast::hef4a9123c17e7b1b,,
0x00000000000216d0,8,cast::_64::<impl cast::From<usize> for u64>::cast::hc44d8ecfc18639bf,,
0x0000000000021770,8,core::ptr::real_drop_in_place::hc95516aa0bd0759a,,
0x0000000000021780,8,core::ptr::real_drop_in_place::h12724a36a041757f,,
0x0000000000021790,8,core::ptr::real_drop_in_place::h6b606ebcacd8a24e,,
0x00000000000217a0,8,core::ptr::real_drop_in_place::h9d9006bd50b6d19d,,
0x00000000000217b0,8,core::ptr::real_drop_in_place::hc6fc8322b1de0ee2,,
0x00000000000217c0,8,core::ptr::real_drop_in_place::hcaee2a970d36b8f8,,
0x00000000000217d0,8,x86_64::instructions::interrupts::are_enabled::hb303163d6a05d5dc,,
0x00000000000217f0,8,x86_64::registers::rflags::x86_64::read::h9859a5fd65f7ba70,,
0x0000000000021800,8,x86_64::registers::rflags::x86_64::read_raw::h779da97536b290c5,,
0x0000000000021af0,8,<T as core::convert::Into<U>>::into::h3b94c8a59d6ad2da,,
0x0000000000021b00,8,<T as core::convert::TryInto<U>>::try_into::h834f2a4ed8c82e7c,,
0x0000000000021c70,8,cast::u64::h839e3687400a1303,,
0x0000000000021c80,8,cast::usize::h0dead525a52eb605,,
0x0000000000021c90,8,cast::usize::h12c8400b919f5657,,
0x0000000000021cb0,8,x86_64::instructions::tables::lgdt::h75f10d29cd7848eb,,
0x0000000000021cc0,8,x86_64::instructions::tables::lidt::h10b5fc96afacc044,,
0x0000000000021d00,8,x86_64::structures::paging::page::Page<S>::start_address::h19ff9148ffe3e2c1,,
0x0000000000023750,8,x86_64::registers::control::x86_64::<impl x86_64::registers::control::Cr2>::read::h9f3f63ee337cf0e0,,
0x0000000000023830,8,x86_64::registers::control::Cr3Flags::all::h264425c4117dac87,,
0x0000000000023be0,8,x86_64::structures::gdt::DescriptorFlags::bits::h00c38eedf9ac2484,,
0x0000000000023ee0,8,x86_64::addr::VirtAddr::new::h5d59643ff3ef3fea,,
0x0000000000024070,8,x86_64::addr::VirtAddr::zero::h475039537173c34b,,
0x0000000000024080,8,x86_64::addr::VirtAddr::as_u64::h859d55f6ccd73a75,,
0x0000000000024090,8,x86_64::addr::VirtAddr::as_ptr::ha1d532eba363b49d,,
0x00000000000240b0,8,x86_64::addr::VirtAddr::as_mut_ptr::h11b169a47f1d2a06,,
0x0000000000024190,8,x86_64::addr::VirtAddr::p1_index::hfd387dcc1d298b02,,
0x00000000000241d0,8,x86_64::addr::VirtAddr::p2_index::h9ad9e5fbf0cc8382,,
0x0000000000024210,8,x86_64::addr::VirtAddr::p3_index::h357f52700f029c4d,,
0x0000000000024250,8,x86_64::addr::VirtAddr::p4_index::he3795fb455454766,,
0x0000000000024580,8,x86_64::addr::PhysAddr::as_u64::h61866aa6de9c849e,,
0x00000000000247c0,8,<core::result::Result<T,E> as core::ops::try::Try>::from_error::haa94beb16791cc7a,
0x000000000000c570,6,core::option::Option<T>::unwrap_or::h65f2c80622e2ca70,,
0x0000000000023840,6,x86_64::structures::gdt::SegmentSelector::new::h04d32232f5e4e82a,,
0x00000000000053b0,4,x86_64::instructions::port::<impl x86_64::structures::port::PortRead for u8>::read_from_port::hcf84fa5e985286f5,,
0x0000000000016d90,4,cpuio::x86::inb::hc93c3d7af557936f,,
0x0000000000016db0,4,cpuio::x86::outb::hc8ebbd70fdce8b5a,,
0x0000000000021c50,4,x86_64::instructions::segmentation::cs::hec5196df188887bb,,
0x000000000000bab0,3,blog_os::vga_buffer::ColorCode::new::h3b892934dd708530,,
0x0000000000008640,2,x86_64::instructions::tables::load_tss::hb37bdc06a32f55ce,,
0x00000000000174d0,2,<core::result::Result<T,E> as core::ops::try::Try>::from_error::hf8b01f10e2eb2070,
0x0000000000018f30,2,core::cell::UnsafeCell<T>::new::h576c7fab3bc8d5d8,,
0x0000000000020b90,2,<T as core::convert::From<T>>::from::hd0373c0852c9495c,,
0x0000000000021440,2,core::num::<impl core::convert::From<u16> for u64>::from::h1cedb1ac02d99ce5,,
0x00000000000216a0,2,cast::_64::<impl cast::From<u16> for usize>::cast::h821788b4ba55afcd,,
0x0000000000021e30,2,x86_64::structures::paging::mapper::mapped_page_table::<impl core::convert::From<x86_64::structures::paging::mapper::mapped_page_table::PageTableCreateError> for x86_64::structures::paging::mapper::MapToError>::from::h10e16b296ddcc6c7,,
0x00000000000220c0,2,<x86_64::structures::paging::mapper::mapped_page_table::PageTableWalkError as core::convert::From<x86_64::structures::paging::page_table::FrameError>>::from::h1b2add2c2a49a914,,
0x00000000000226c0,2,x86_64::structures::idt::EntryOptions::minimal::h0eb37b066f10b45b,,
0x00000000000037e0,1,blog_os::interrupts::InterruptIndex::as_u8::h3231eebe025e1bdd,,
0x0000000000006ad0,1,<T as core::convert::From<T>>::from::h7f11b8084fd336b4,,
0x0000000000006d80,1,<T as core::convert::From<T>>::from::hd4a83781cff9df34,,
0x00000000000171a0,1,core::num::<impl core::convert::From<u8> for usize>::from::hc89fec8b8d0b50ad,,
0x0000000000017490,1,<core::result::Result<T,E> as core::ops::try::Try>::from_error::h5e689b54f55415bc,
0x00000000000174b0,1,<core::result::Result<T,E> as core::ops::try::Try>::from_error::he7dfac3fd21600cd,
0x000000000001a9d0,1,core::char::convert::<impl core::convert::From<u8> for char>::from::hb1217f471aa03c61,,
0x000000000001c3d0,1,<T as core::convert::From<T>>::from::h6b919785b48e594a,,
0x00000000000247a0,1,<core::result::Result<T,E> as core::ops::try::Try>::from_error::h3668c0d17314cf45,
0x00000000000247e0,1,<core::result::Result<T,E> as core::ops::try::Try>::into_result::h3ebc2f39c939a063,
0x0000000000004670,0,<I as core::iter::traits::collect::IntoIterator>::into_iter::habceb605826fb658,,
0x0000000000005fe0,0,x86_64::instructions::hlt::h4bcd661aa5535fd9,,
0x00000000000076d0,0,x86_64::instructions::interrupts::enable::h0b5c392d10ef37e7,,
0x00000000000076e0,0,x86_64::instructions::interrupts::disable::h07c4626797cd23e8,,
0x0000000000009030,0,core::hint::unreachable_unchecked::hf6e3e60eafd24e94,,
0x000000000000a3d0,0,__rust_alloc,,
0x000000000000a3e0,0,__rust_dealloc,,
0x000000000000a3f0,0,__rust_realloc,,
0x000000000000f220,0,core::ptr::real_drop_in_place::hdce780916d313859,,
0x00000000000103f0,0,core::ptr::real_drop_in_place::h01b8e832da058dd9,,
0x0000000000010b70,0,core::ptr::real_drop_in_place::h3bf13329205dcf64,,
0x00000000000111e0,0,<T as core::any::Any>::type_id::h3e93df4cd41ee3aa,,
0x0000000000012080,0,core::ptr::real_drop_in_place::h37a9a8374ae25da0,,
0x0000000000014650,0,core::fmt::Formatter::write_str::h89b05afe94bc7ad8,,
0x00000000000146c0,0,core::fmt::Formatter::alternate::h46b80986ac94d626,,
0x00000000000146e0,0,core::fmt::Formatter::debug_lower_hex::h0522431d5a5cd6ca,,
0x0000000000014700,0,core::fmt::Formatter::debug_upper_hex::hb8c70cc7c383ce3d,,
0x0000000000015090,0,<core::fmt::Error as core::fmt::Debug>::fmt::h74a90c83755709b7,,
0x0000000000015740,0,<&T as core::fmt::Debug>::fmt::h675f41c363d5599d,,
0x0000000000015750,0,<&T as core::fmt::Debug>::fmt::h8c30ee7464775c30,,
0x0000000000015770,0,<&T as core::fmt::Display>::fmt::h5b5a9ce7def9dae0,,
0x00000000000157f0,0,<&T as core::fmt::Display>::fmt::he781fe04c2051ded,,
0x0000000000015810,0,core::ptr::real_drop_in_place::h1cb7c67d7c9e8bf3,,
0x0000000000016980,0,<&mut W as core::fmt::Write>::write_str::hce379c2c826197d8,,
0x00000000000174f0,0,<core::result::Result<T,E> as core::ops::try::Try>::into_result::h1e7f09bf0984beb1,
0x0000000000017510,0,<core::result::Result<T,E> as core::ops::try::Try>::into_result::h58f31392bd39fe05,
0x0000000000017550,0,<core::result::Result<T,E> as core::ops::try::Try>::into_result::h91febdbdba356d11,
0x0000000000017570,0,<core::result::Result<T,E> as core::ops::try::Try>::into_result::hadbf3fd459e3fc8e,
0x0000000000017590,0,<core::result::Result<T,E> as core::ops::try::Try>::into_result::hb38ee3e9232d0ae9,
0x00000000000175b0,0,<core::result::Result<T,E> as core::ops::try::Try>::into_result::hf7919ecc2abb6d52,
0x0000000000017620,0,core::num::<impl u32>::max_value::h9b5fb826407fb439,,
0x0000000000017810,0,core::num::<impl usize>::max_value::hfec10931e0bf3ced,,
0x0000000000018d80,0,core::ptr::null_mut::h1631e9cb60fb9155,,
0x000000000001ea80,0,<I as core::iter::traits::collect::IntoIterator>::into_iter::h40e2bd9a63e2a2e8,,
0x00000000000214b0,0,core::num::<impl u16>::max_value::h78f4680fde208fca,,
0x0000000000024800,0,<core::result::Result<T,E> as core::ops::try::Try>::into_result::habbdd011ae854c73,
address,,,stack,name
